code,name,description,price,nitRstaurant
51393-7577,Headache,sEDsDWA0yvD,213305,51672-4052
54868-4528,PATANOL,VA6i0fpkPp,706588,0378-3286
42998-963,Pepcid,prPA52rTWf,762953,49967-891
51621-047,Total Active Dual BB,xTOA8KH,336582,51456-299
50436-6619,Doxazosin,rQ4KrFjLICw,492839,0338-0143
60505-0847,Fluticasone Propionate,3J8ZzA46,317295,50154-5000
0781-3099,Oxacillin,YiKnEQdO,615512,67046-228
54868-3732,MEBENDAZOLE,Q6BaR9CNCXuq,886688,52138-200
51514-0315,Yes To Cucumbers Natural Sunscreen SPF 30 Stick,rcOiuoxTR7Bd,720637,60512-0009
66116-413,Sumatriptan Succinate,FbHljMYVn3U,761369,57344-139
52684-0026,BioTerrain Plus,cI5t2t2lJIg,888143,60512-6033
52544-554,Necon 10/11,kySmIOg6,171275,60899-090
36800-462,Topcare Allergy,0c89l6XZ,313664,55154-1277
53489-177,albuterol sulfate,XKddVjzDvL79,981666,0168-0243
10526-003,Nitrogen,2IFrBLWdFxv0,732846,58118-4297
60505-2680,Lamotrigine,7tZBKL0G,161296,0409-8061
0574-0427,Clenz-Lyte,Gu9oQ4JnG,845074,0031-8717
54458-937,LOVASTATIN,f5UIkdH,261321,63830-855
60258-860,Cetirizine Hydrochloride,0X2mOLM,146531,0363-0133
49035-310,Equate Tussin,WLU1v9PgjBB,761632,49999-914
61734-411,Petroleum Jelly with Shea Butter and Argan Oil,ccucVRkya,303482,67510-0171
22431-359,Relief,9lmjhEAG9,330905,11822-0110
41163-008,Equaline pain relief,2soVDQ0Nr,896145,68786-220
53145-026,Broncofin,HZXBkwbF,530867,43063-193
55566-9700,PREPOPIK,AkWoZo,880294,55550-001
36987-1877,Aspergillus repens,tGvGerCJryO,102266,54868-1195
75908-017,Periogel,LbH20e3,735736,43742-0436
0173-0527,LAMICTAL,HqgjdJ2k,241512,49288-0228
76466-010,VAGI-CURE (MAXIMUM STRENGTH),W1lDEFlp,486050,64117-228
52125-691,Escitalopram,Y1RrsfDQtEs,458308,61957-1472
52747-621,Concept DHA,cXi4Ixmt,903639,49349-344
0264-1207,Dextrose,dIhAUIeYxv,765014,10237-825
11559-014,DOUBLE WEAR,NnxQGk2I,828074,33261-816
36987-2125,Trichoderma harzianam,ykmNG1itmU8,794474,56062-437
62584-046,DIDANOSINE,3EBd0Z0qU,268475,48951-8003
63629-3788,METHADONE HYDROCHLORIDE,i25g5hneJI5,909738,58370-8001
0363-8202,Walgreens,Yy6sNabqqA,66624,0310-0274
36987-3259,Rough Marsh Elder,0pz5vYnA,151075,0259-1101
24090-720,Suprenza,gT1wQafoW6Hu,775838,0179-0128
49967-984,LOreal Paris Ideal Moisture Even Skin Tone Moisturizer Broad Spectrum SPF 25 Sunscreen,SgrALeZvFdoB,105292,13668-040
66530-259,Tretinoin Gel Microsphere,KfE9lviOQIW,154243,64141-008
55513-028,ARANESP,USbYL0a8A,632131,42457-001
61328-005,Kids Eczema Balm,VRsLHX,392330,36800-699
55154-5898,Levofloxacin,Z89UN3yy,463916,76176-003
11695-1403,NEO-POLY-DEX,ji3pl1EaH,557840,55150-162
49349-869,Carvedilol,pMOM8MU,705377,54569-3405
63739-448,Lamotrigine,El0tzmR,72957,10812-401
53746-617,Tramadol Hydrochloride and Acetaminophen,DkX9QxfY4JH,565666,16252-599
52584-155,Robinul,s8rkfnYWn,619694,17089-269
61578-304,CTx4 Rinse,PBmSWs,168850,11489-062
68968-6675,Minivelle,tzhu8ZuDt,531110,48951-2075
0173-0776,LAMICTAL,d59AUtP,248297,63981-235
36987-1057,Guinea Pig Epithelium,UccTA2bQ,113857,63629-4968
57237-108,Felodipine,NiV3Ml98wc9b,305953,50845-0172
21130-974,Childrens Allergy Relief,M0DXaD,169625,44183-220
33261-546,simvastatin,SYRsNdO,528961,42195-210
45802-455,Hydrocortisone Valerate,OAFkGc,567638,0019-9889
56136-005,Spatheraphy,L4QnY1Cne,443661,51824-012
69106-140,PRIME PRIMER HYDRATING FINISH,OAiYcN5c,833859,68094-586
55319-238,Stool Softener,IkLw8xQrSt,769378,59535-1001
60665-001,Sambrosa Sweet Dreams,VttZen2MJ,836359,0037-7025
50436-3075,Amitriptyline Hydrochloride,mINpLI3,892335,61442-112
50914-7731,Megatope,BOxzBuGAI6x,728227,24090-479
0268-0625,CANIS LUPUS FAMILIARIS SKIN,ZYDc4WI8DUsw,82294,68828-192
60505-0257,Desmopressin Acetate,Fs1p7v,40988,49991-001
63981-130,kirkland signature pain relief,xkruScFSZFL,353285,22955-015
11084-147,Action Chemical Antibac Clear,5JKoo6wIB8,477622,43538-191
25000-104,GABAPENTIN,u1dwbFX1OnRH,8401,60429-298
47593-311,DigiSan,RE9b626s,163565,54575-944
0268-0125,CENTER-AL - AVENA SATIVA POLLEN,fHHqxYQWw4,641172,63080-679
64376-815,Multi-Vitamin,zvYCnhUui6,497448,63187-145
63824-740,Cepacol,2Tkvn7E,795847,36987-1428
42507-323,lubricating plus,9gsA6lfkutna,705846,15127-550
0268-6231,ENGLISH WALNUT,sY70pn8,972901,0009-0073
68682-356,Flucytosine,r5s6U5,379838,61589-6005
37808-902,Cold and Cough,ph2FgH1lA,276632,50845-0074
49884-110,Alprazolam,N3jXsCJAZO,134468,54569-0118
53808-0449,Levothyroxine Sodium,VnToP2ML,724099,33261-112
0085-1312,SYLATRON,VA2CHu,531240,10702-003
54868-5891,Desoximetasone,1MZkL02yq,101557,62011-0074
0555-0159,Chlordiazepoxide Hydrochloride,CospLdC2,174702,10819-7010
37808-973,hydrocortisone,8pvVePxqPf,106141,68479-220
64543-105,Rescon DM,04qKkhbV23,223008,31190-200
53329-092,Petroleum-Free Lip Balm,JFCnlE0CrL,352875,49348-568
62034-013,ATORVASTATIN CALCIUM,BFGPSFPoU7or,578575,0066-0510
43538-160,Sumaxin,7Hm99l4CU,252226,63323-273
11410-412,Jane Seymour Oil-Free Tinted Moisturizer with SPF 55,AkQCxpweyH,59862,13537-164
36987-3153,Burrobrush,isnCqexMuEJe,884604,50436-9054
50114-1220,Cimicifuga Homaccord,jjDglRjrIGpI,406133,56062-915
13734-034,NARS Pure Radiant Tinted Moisturizer,M6jJSKqzHgo,747324,59779-668
42248-104,Calcium,KKCZP86kV,424993,24385-532
57337-041,XtraCare Dry Fresh Invisible Solid,XncOKbY98Mp,662696,0179-0057
55315-199,Ibuprofen,9aNQKGNzs,81469,68828-127
36987-3178,Yellow Dock,GEm8gvbVGP5,124120,17714-020
50419-773,Cipro,swWqE8,677574,50268-531
49999-301,Ketoconazole,HcJzkl,723973,0409-4270
49781-065,Extra Strength Headache Relief,u8I0VtfzgV,621390,0185-0144
0573-0161,ADVIL,WYBdITzZ3sY,160084,66336-428
61333-201,Lights Povidone Iodine Solution,OnCCU5qRY664,977283,55111-279
10819-5002,PDI Sani-Hands ALC,UyczCtA,27455,27808-007
61715-074,Cough Multi Symptom,4zr3H7H,560715,51138-074
54569-0005,aspirin regular strength,D4cnWpSKw,349991,37000-003
0591-3635,Levetiracetam,k4ioWT8gSxX,995664,65193-939
0245-0243,Potassium Chloride,TfEV17fsA,361516,24987-437
54575-182,ASPERGILLUS FUMIGATUS,Q6Fqz7ocPf,417085,55315-690
0268-6513,BOTRYTIS CINEREA,feMMz1Tbe,282761,53808-0827
37205-022,LEADER Mild Iodine,v8qqmYGL,793462,0713-0165
50845-0104,EMF,g3DPPd65aPf,583495,54473-241
42808-101,Sodium Sulfacetamide,vWF3QqTDtIr,764920,41167-7516
57237-043,Valacyclovir Hydrochloride,U2OgLwjGWam,639635,59762-0075
60429-312,Etodolac,AMlG8QBivKG,624783,0574-0850
0268-1515,JUGLANS NIGRA POLLEN,qFYQPHo,905044,52685-463
0378-8303,"Carbidopa, Levodopa and Entacapone",cxTRQ2wMZ3AV,218425,55319-455
42507-300,Tussin Cough,MZKDny8SOT,70583,59115-135
98132-887,Deepest Deep,2Z4qDbSndzQb,627878,13537-607
52685-442,SHISEIDO THE MAKEUP PERFECT SMOOTHING COMPACT FOUNDATION (Refill),HIjX3CF4Zi,8881,54868-5043
52553-001,Smart Sense Isopropyl Alcohol Wipes,EVM1RsOSH,944972,50563-150
48951-8164,Sarothamnus Aurum Special Order,0bdFzDcG57D,735470,0268-6711
68151-0245,Lithium Carbonate,xFjXOP,285240,35000-711
68180-336,Metformin Hydrochloride,edrr3BQ,16032,0944-2922
13985-013,Eye Wash,AuXf4zIwDL,701276,36987-1478
68428-153,Natrum Sulphuricum Kit Refill,E73LTstQofN,584716,54868-4793
98132-719,Buxom Show Some Skin Weightless Foundation Broad Spectrum SPF 30,Xd8LAgwbv,517524,51769-139
68788-9113,Ibuprofen,pB7GM9,574998,37808-085
49035-013,Acetaminophen PM,2GaNn1,313479,58980-336
36987-1406,Beet,Oj44NNnFG,163078,49884-270
49738-872,Smart Sense NightTime Cold and Flu,qtGgzdyMA,468807,68788-9937
54868-4247,Terazosin Hydrochloride,zfQQDv,769474,0026-3785
49288-0905,Treatment Set TS349185,VlZctl0EeBXM,365402,63941-530
47593-476,Proforce Commercial Products,IpAwDDQiuxw,448984,31507-576
52685-360,CLE DE PEAU BEAUTE SILKY FOUNDATION I,qZ2BhYtQ,317903,49884-576
53346-1363,DR. RECKEWEG R63 Endangitin,YDXgqY,640314,54868-4255
33992-1412,Instant Hand Sanitizer with moisturizers (aloe vera and moisturizers),OV1gse4KAkB,27439,53345-022
0006-4739,PNEUMOVAX 23,Og2n8nV,418486,66949-928
24987-378,FORTAZ,R75WJI2D0Ht,802005,24882-325
0409-7120,Dextrose,aiyeMdf,972780,68258-7049
52960-101,iBlanc Restora-Bright,ZN9gLyF,838041,16252-516
65044-0826,"Standardized Grass Pollen, Sweet Vernal Grass",qfnHCMuXCi,310195,57955-5126
68084-093,Carbidopa and levodopa,vla7q2DS,927617,56062-090
43857-0209,Cerebraplex,34dXov97uS,455391,37000-235
76439-260,Virt-Caps,znEsh5,729316,0944-2512
58543-1001,ENA Actimineral A,VUJIQPNrJxK,373925,0409-7983
50436-0262,Etodolac,rLDUFsw0p,865374,10742-8120
24236-577,Sulfamethoxazole and Trimethoprim,m3A4btiP,736662,52763-601
0078-0524,Tekturna HCT,AaVafejf,803122,66467-2005
52125-414,Novolin70/30,cqAtwQFYV,463247,64942-1137
36987-2875,California Valley White Oak,m34oAvp,895451,36800-103
55648-692,RISPERIDONE,bZ2L1aY,249572,49643-348
65841-733,LOSARTAN POTASSIUM AND HYDROCHLOROTHIAZIDE,WfT7ZI,454559,63629-1396
42716-001,INCHCO Brand SANI-DERM Antiseptic Hand Wash,WSqptl,265175,44717-532
67239-0208,Topical Anesthetic,9K3ulOSvGzl,515803,68306-105
49804-101,hybrid CF,otGTdq,245463,42291-679
24385-135,good neighbor pharmacy cough and sore throat,l8iY8cZWaW,330838,52959-187
36987-1710,Nutmeg,9MFXjEgISSA,20126,15751-2222
42023-145,dantrolene sodium,UV1g26O1jXDb,419325,55289-119
33261-033,Cyclobenzaprine Hydrochloride,Qe1Yxvex68S,977605,43857-0315
53808-0936,verapamil hydrochloride,B8tMEOIGxcr,582904,36987-3153
76125-667,Koate,NiQuILf,47536,49825-131
76237-109,Amlodipine Besylate,I1o6Y7U,609044,24236-656
46672-053,"butalbital, acetaminophen and caffeine",UO52ZEV,610453,21695-789
64092-122,Maximum Strength Menstrual Relief,KaVpkDOX8,908689,16590-299
50268-451,isosorbide mononitrate,PpFW5J1T,412825,50390-709
55150-169,Bupivacaine Hydrochloride,p1JK8OrB,721169,27293-025
68016-382,Minoxidil Form Men,O7cBZD6Mi,624629,0019-1177
0409-3307,Acetylcysteine,hkhsPOyQX,56192,49643-342
62584-988,Allopurinol,rdu874l,114788,60429-196
13925-167,Multi Vitamin Drops with Fluoride,aOUqSMmm,229521,50827-650
50114-0114,Oculoheel,DvkQ5BNiRY,292803,36987-1342
64616-095,L-Trans,FP4cYwXL,701335,42023-120
16729-276,Fluorouracil,1OW8245,215014,10812-208
60215-411,Fludeoxyglucose,wf53V05k,761305,59316-107
0054-4186,Dexamethasone,SdN5sgUUAMbc,628944,53807-530
57955-5087,Scar Freee,It7lKQowFy9,4913,37012-882
0023-3240,REFRESH OPTIVE,8Bk1K5RG,845951,52261-0201
63629-5219,Donepezil Hydrochloride,CpY1TAax44I,730473,11673-516
50383-667,Lidocaine and Prilocaine,6cFYsP6T,948317,61957-0110
21695-272,Hydrocodone Bitartrate and Acetaminophen,NZp9Ze,70830,0074-3045
30142-080,Kroger,qh07zfKJb7,887830,0363-2004
43269-755,Lemon Basil Antibacterial Foaming Hand Wash,HnoQv5,690632,67143-1100
64406-006,Tecfidera,NqdkKB4kk3P,611545,67510-0631
49852-176,simple pleasures,3kTnbx4J9Wk,986743,59779-438
50845-0050,Loneliness and Sadness,Z97Jxfk,394834,65162-513
21695-069,NUCYNTA,s3yXK8F398S,781625,17478-713
55154-3877,VESIcare,BhJYd9MsnvY,474698,35418-334
53808-0266,Hydrochlorothiazide,CmVMsZpgrtJ,938686,50268-292
21695-807,nifedipine,WGgo3pR,569410,49348-872
43857-0255,Eczema-HP,vUaXDhmZ,416203,57520-0222
0078-0409,Stalevo,LztWmi,541436,69072-060
53808-0688,Simvastatin,Xllm8msS0,5676,48878-3214
65121-010,Hot Spot,dENh1pom1,921042,52584-411
50419-208,Xofigo,EYW79nALt,949264,0498-0015
55143-011,BIRDS GARDEN LIP BALM,ejRGj9FR,995978,36987-3091
21695-740,Simvastatin,PYEFLw,138207,68258-3996
11822-9650,RIte Aid,kXIQmTVyt,379110,52389-160
52584-020,VASOPRESSIN,O6dpjcYzuV8n,709638,0519-1440
54868-6394,rizatriptan benzoate,nfbMNtnp,132339,0093-0576
49580-1434,Childrens Plus Multi-Symptom Cold Grape,7rLlAKo5LWQ,76945,42291-802
55150-155,Acyclovir Sodium,LNziYwoY9c,499816,63481-624
36987-1317,Cranberry,lfeYI7Hwp,630447,49288-0083
55154-0695,Verapamil Hydrochloride,LFD0hCY,94506,60913-031
51672-4025,Amiodarone Hydrochloride,LkDkYddQ,796891,68405-013
16729-139,Glipizide,K9Ch2XO,380295,59535-1081
62037-676,Metformin Hydrochloride,APDz1OM,816896,48951-3101
52686-318,SHISEIDO RADIANT LIFTING FOUNDATION,VND0nhyAe,848536,41520-179
0615-6584,Carvedilol,4lQv3f,348402,11410-406
68788-9700,cefuroxime axetil,I4Aqft,567255,63629-1761
51079-465,Risperidone,qFfUh4zQ,349931,0268-0161
37000-812,Vicks NyQuil,9z4jlyhNO,550398,59640-025
64942-1035,Degree Clinical Protection Sheer Powder,Oj6h81,355169,67877-210
60512-1041,RUTA GRAVEOLENS,pdbXe5NY,702820,0573-2841
64011-009,Micro-K 10 Extencaps,5IVtmkQUq,119890,58964-101
53329-138,Remedy with Phytoplex Z-Guard,ccPKnic7Evx,19778,52183-379
55648-433,PANTOPRAZOLE SODIUM,F7qJ4B9nZM,480875,0641-6029
37808-459,night time,CZ5RwbwYJ1,738465,64889-0001
13537-998,ESIKA TRIPLE ACCION MAX BB,Nh3hHRTNU,6463,55315-104
49873-045,INON,U66dg3M,262600,63481-437
52747-712,Integra Plus,vPtUnsxr2S,40226,67877-240
24385-374,Good Neighbor Pharmacy Tioconazole 1,D3mSlaE7b29k,873534,76020-100
24286-1555,Earths Care Arnica Compound,nONtZr,474237,76119-1170
76000-231,Aspirin,3fTa07,418859,0179-0102
64205-212,Lisinopril,KP9hXqRGm31,692811,43742-0064
55312-180,Senna,GJ6PNnr,290843,0378-6605
62742-4051,Dermaquest Skin Therapy Post-Skin Resurfacing Balm,rFInLY,641485,41250-485
50268-290,Estradiol,ZEa6PlP0B83,164861,49738-556
60429-294,HYDROXYZINE PAMOATE,m6jKEtt,868460,68180-221
0268-6723,ROBINIA PSEUDOACACIA POLLEN,hx92fOEA,413400,52125-321
68209-843,Octagam Immune Globulin (Human),KgmsTjaKc,601453,11523-7190
53808-0211,Benztropine Mesylate,7hKn22zUQZr,182673,0268-6556
42248-105,Retin,rSrfcqT5ZT8R,378920,54458-937
51414-700,LENS CLEANER,f1XNsNhCx,781328,64370-375
33342-057,Irbesartan and Hydrochlorothiazide,6WAkwm,37166,49288-0241
0527-1350,Levothyroxine Sodium,uueduy,400870,55289-406
53104-0101,Zidovudine,RMcqqXVgprP,858460,43948-5002
56062-485,Regular Strength Antacid Calcium Supplement,Oj5kWa,729399,36987-2037
60429-772,Topiramate,UXWet7EG3f,688371,37000-814
21695-092,NEXIUM,gIUX8ew,546610,0378-5012
54868-4826,Ketoprofen,wFFpKFyXBiL,835495,43419-712
55154-0837,Hydrocodone Bitartrate And Acetaminophen,rt9aQKYH1jqA,905175,68462-302
52125-545,Mupirocin,YavZ9Zy2jodi,302262,46122-118
17089-260,GUNA-DIUR,BmXUoWtWc,307565,0268-0186
68163-081,Chewable Adult Low Dose Aspirin,IH8Prf1v,896453,68180-557
66689-025,Oxycodone Hydrochloride,QQqmZBXCMYB,154625,54868-6165
51134-0064,Advanced relief,bXtey2,623462,54868-2876
0536-4086,SENEXON-S,pzcf39TCgug,14940,0615-2526
55651-264,Pepbis,1KIry5O,498069,60681-5304
55315-125,Infants Ibuprofen,l74Ly5V,285472,60505-3222
76237-160,folic acid,qUI5rs4zuYfl,916114,56062-184
36987-3129,Dandelion,zxDpBvxcHfz,1297,29300-227
16103-353,Pharbetol,Gc9LlFN,782772,50436-3071
60899-080,Acne Lab Foam Cleanser,VWoINj,994368,49643-348
53738-0714,RoC Multi Correxion 4 Zone Daily Moisturizer,fuUlD5e,199100,66097-001
36987-2669,Shagbark Hickory,0bd1fhShyEs,517995,42254-023
43063-382,Clorazepate dipotassium,RTZS2G,4076,52685-451
43857-0292,Immuno Fortifier,7XK897,453194,0054-4299
54157-104,MegaFresh,qok3Q4QqPIPD,669875,0026-3792
60429-245,Ergocalciferol,MiCWCU6b,975993,62670-4822
0268-6528,EPICOCCUM NIGRUM,mjJy4wA5J,931162,51445-201
44087-1375,Luveris,xGOw4hI7,709402,0268-0010
62721-8127,LypSyl Vanilla Plum,4Gf4Ga,954702,55714-4449
42508-153,Perfecting Liquid Foundation Alabaster,UiOMevz7H,744101,67015-0001
45737-230,Bio-S-Pres,zyuJBw,371693,16590-364
17630-2017,Banana Boat Protective Dry SPF 15,sKwmkng,591379,11523-7243
63941-440,Aspirin,MvRZ2i,10653,66336-718
62584-977,Diltiazem Hydrochloride,1P6tHDbEx,89876,61442-176
42002-209,Visine Totality,QR6OCE0hs,462233,63629-4183
49288-0804,Treatment Set TS339992,ryCKfkiYdps,89961,49035-404
42333-101,Bay Rum Constanza,2V9FJ8un36J,194917,30142-001
63824-528,Mucinex Fast-Max Day Time Severe Congestion and Cough and Mucinex Fast-Max Night Time Cold and Flu,MtGaNx,861233,52343-025
76095-001,head and shoulders,7BfQK70z8UTI,352198,68745-2008
11822-0742,naproxen sodium,9Q6aFE,612590,43063-421
49981-004,Hand Wash Nettoyant Pour Les Mains Plum Grapefruit,i3krJlsiSuhf,233512,68428-149
49288-0881,Treatment Set TS347536,tLS9QAGob,881541,0517-7510
25021-142,Ampicillin and Sulbactam,bD1k3Qv3u,161070,49873-114
55111-548,Venlafaxine hydrochloride,KAzUSqQ,237706,59672-0532
43526-100,IPKN ARTISTS TOUCH BB 01 LIGHT,kNDX3LBe3g9b,888137,59779-104
49314-5801,Hydrocortisone,eHSaE4SYV7z5,1489,54868-6333
52584-495,Promethazine Hydrochloride,ntpfOOI1,602175,14783-603
65217-0001,Oxygen,RdiBqK,716806,0024-5800
0173-0836,AVANDIA,S5v3dXBV,802105,42903-002
65342-2090,Laura Mercier Tinted Moisturizer SPF 20 NUDE,A6s6r1QE5ZV,510311,61589-3815
55910-078,Milk of Magnesia Original,nHMgOpfhzv,147667,36987-3132
17856-0865,Levetiracetam,QFHfmU,236616,68084-053
50845-0025,Anit-Inflammatory,IpiasC,495015,0268-1099
0517-2053,Potassium Acetate,bYBCw7d2IBr,524145,10544-192
52125-218,Loratadineantihistamine,zNsdee,659188,68001-260
59039-004,Obao Piel Delicada,AunvcqdcPBN2,104477,52584-795
51079-890,Rifampin,J6ikLX9,531473,59579-009
76016-544,Pure Kleen,CVORtO8POtx,215227,0093-7152
16590-895,GEODON,YAlLYNy0,651786,36987-1079
42865-103,ZENPEP,MIgEY5nfAhaD,741546,35000-857
36987-2112,Stemphylium sarciniforms,g3K3ckaabfo,875433,14783-474
53210-1004,Triple Antibiotic,bGqTpC,137407,0363-0585
24385-159,Cough Relief Grape,bnZTsrEuZlJ,904924,51523-013
70253-113,Night Time Cherry,qJHXkM,798463,64735-021
58232-9204,Baby Daily Face and Body,F4IH0Y,654075,50436-5501
72036-223,Harris Teeter,kU6INW,710939,63629-5036
68151-3120,Dipentum,ZF4BY8kIej,916553,0904-6193
52670-550,Sodium Fluoride F 18,dJ5dpD,376963,65862-656
63629-1299,Dicyclomine,hmm1cb,174408,53329-777
0615-7747,Cilostazol,lT0IkoqL,329862,24236-121
47593-492,Ecolab,X01jlhYAQMa,88082,49527-920
61715-055,Preferred Plus Complete Allergy Medicine,VNgDmJhjE5P,837276,76485-1028
16714-071,Baclofen,hTZ9i4o9,525384,64679-947
13107-032,Mirtazapine,y2XWz7Asn,563516,66467-9710
52959-127,Prednisone,xCl1iAZmBI,849811,41163-812
43269-906,Mistletoe and Mint Antibacterial Foaming Hand Wash,W0coF6iBO,224181,10018-8999
0591-5555,Propranolol Hydrochloride,HSHUVFfL,758925,49288-0814
49288-0947,Treatment Set TS351003,FNzNGsByNE,163210,64127-155
36987-1746,Thyme,jqj4PPs0A,752357,27495-013
51655-096,Prochlorperazine Maleate,JJO0XO,364872,52125-571
0268-0063,CENTER-AL - RUMEX ACETOSELLA POLLEN,WZ29VY0z,665535,68151-4980
68387-208,Ibuprofen,cBa5nufgTnLx,689536,33261-907
67457-196,Thiamine Hydrochloride,0Fksd85FozH,436053,36800-733
61941-1005,Kids-EEZE,PVKEayCzp,456436,0378-5522
55390-391,gemcitabine,M0UU1dv,456573,43742-0202
76237-175,Hydrochlorothiazide,wizB88eUL8l,633820,42023-123
51824-045,CareAll Medicated Chest Rub,TAO6VUek,194151,36987-3059
56062-409,stay awake,Fhidn9,129971,63868-354
0942-6436,ADSOL Red Cell Preservation Solution System in Plastic Container (PL 146 Plastic),0ooVuyN7y,707487,49781-040
10742-8473,Softlips Birthday Cake,jgtujK8Xh,387604,62742-4056
61722-161,flormar REBORN BB SUNSCREEN BROAD SPECTRUM SPF 30 CP04 Rich Beige,h4Tvted7YDO,194897,62742-4029
41250-193,Menstrual Relief,pVsArt0R,506906,54868-4400
52083-625,ABATUSS DMX,fVDOKdZh,80528,41250-620
63981-291,Ibuprofen,OTeYCzz7T,593146,11410-609
0268-6506,ASPERGILLUS FUMIGATUS,uGxk4mvC,370658,49999-140
63824-710,Cepacol,YssjJpi,760208,43063-170
53808-0744,nifedipine,9xYvtB6,173644,46122-026
62839-0804,Nu Skin Nu Colour,modrSD2bU1X,494978,45861-001
13537-440,esika,luBbJppD8a,274531,67143-1100
13537-420,LBEL Couleur Luxe Rouge Amplifier XP amplifying SPF 15,QqQR2h,672531,0603-6468
53808-0905,Calcium Acetate,jhF6kFodCjQT,997569,57337-047
24385-304,Magnesium Citrate,pJmGiIhT1m,657791,0591-0582
0259-3192,Mederma,RCz8IMW,955244,51672-1321
0944-4201,TISSEEL,eXdGOwsQZN,923356,68180-101
64117-284,ITCHY SKIN RASH,OIdCyHEOT,516184,54247-001
0781-7066,Mometasone Furoate,YLDVkGkcJPb3,370899,10056-915
98132-665,BareMinerals,UQBBQJ9Fj,611066,58411-132
52854-500,Reef Safe SPF 50,12RZGalO0,797826,63629-5202
0069-5810,Tikosyn,4iRNR2nJR4hi,805760,10768-7283
54868-5738,ONDANSETRON HYDROCHLORIDE,89MqYEoYgd,840479,0179-0120
57240-2041,Zippity Doos,4mjKPAQw,639597,68258-3001
61727-308,Menopause Relief,ORh6Cnd,661142,53145-057
11419-001,Oxygen,XxoVxlsEjXG,881446,0268-0897
63874-489,Naproxen Sodium,aFPZFXoxj23,143836,58468-1025
66467-9730,Lidocaine,OmR5vMYdcj,158987,60951-655
52125-512,Dorzolamide Hydrochloride and Timolol Maleate,4LPIJloc,711619,0268-0060
49304-0004,Flexible,3ir4rRj1arPi,64678,0113-0289
69000-011,Time Frame Future Resist Foundation Broad Spectrum SPF 20,Xit5bb,492621,42291-697
0187-5140,Retin-A MICRO,D28fREQs,363536,42947-630
42361-036,Re20 Ultra Sun Defense Special Set,usvwOY94,395832,10742-8729
0409-0806,Cefazolin,uLySM78JrPH,11003,64778-0214
49358-551,Mineral Beauty Balm,4KXXFx3NM,965415,0924-0133
61958-1201,Stribild,vY31mzuUG5,854098,55714-2351
63550-154,Anti-Blemish,XlKkGk,322323,68152-101
49999-636,Strattera,JP3eI9gXEs0,980183,52069-100
65862-697,Venlafaxine Hydrochloride,wPNCAA36m,208540,10237-755
42507-966,arthritis pain relief,BYpeALQPo,156168,54575-473
50458-210,AXERT,Fx5dSKMJSMc,274140,49230-203
60512-6615,COLOCYNTHIS,cPMyDUfJGc5,47536,0003-1612
63146-112,QSR Hand Sanitizer,cVnnoojL,418922,57520-0046
68645-487,Sertraline Hydrochloride,QGrHyqy0,761844,0378-0060
0615-7593,Minoxidil,z7QQGKe,657201,63739-691
65044-3462,"Food - Plant Source, Pecan Carya illinoensis",bgseBiSsP,974946,57520-0632
69097-128,AMLODIPINE BESYLATE,LWUPKHM,742643,0228-3059
0268-1195,SOLIDAGO CANADENSIS POLLEN,zAFgtQ8PI,714337,68084-666
43269-621,Golden Pear Antibacterial Foaming Handwash,WR3T0kq,81988,45802-717
0641-6020,Duramorph,mrRtJU4esW24,540392,36800-897
0378-0211,Chlordiazepoxide and Amitriptyline Hydrochloride,e7F25bjeZ,311096,60505-6104
0135-0564,AQUAFRESH,ZuGWIHpzU,618554,65044-2015
41268-344,nicotine,DGM8CEGq0Jg,946655,0065-1795
36987-3157,Carelessweed,bMf5qh90Td,621752,11822-0403
0093-8161,Quetiapine Fumarate,H6WzunB,245542,24385-005
0904-7760,Clear Anti Itch,yFDxv0eXHeb1,902488,36987-1029
36987-2953,Longleaf Pine,LtBGEAhSvny,642658,0378-0014
36987-3341,Rabbitbush,p4B6PjtZ1l,602675,68084-181
41595-5421,Sure Fresh Essence,cfgE290aT,997569,0075-2915
53598-003,Acetaminophen,9yUmvonCpX,42844,25208-002
51138-097,Atenolol,JV6pdkr,412326,59139-0002
53145-040,Breacold Adult,0pLgaCRNZ3g,189632,0409-7386
50666-007,JIANZE FIRST AID ANTISEPTIC SKIN TOWELETTE,s1d7bt,845352,0085-1430
42221-0001,MANGO BUTTER LIPSTICK,VGNBx8DUwRO7,133328,51452-001
36987-2001,Mucor plumbeus,QEzayofPoh35,639423,11673-520
0173-0344,ZANTAC,vafxrISsih,418431,0362-9011
51079-465,Risperidone,mLDDbr,812520,0093-4145
13548-011,Salex,oCtSiFsc,250532,68712-015
36987-2473,White Alder,wPJm5CvKu,45246,60781-1004
0378-6260,Propranolol Hydrochloride,xyTTzPL58bqM,542072,65862-309
36987-3206,Goldenrod,KvR880GkxZw,27673,55111-728
17452-430,Dr. OH BALM,iFXyny,193543,61734-300
0378-3030,Doxycycline Hyclate,NdUwwdrIxp,132984,54868-5993
0078-0102,Parlodel,x7tfax,924378,36800-852
65044-3116,"Food - Plant Source, Melon, Cantaloupe Cucumis melo",4MlzYW4xZ,374444,52685-325
49884-027,Hydralazine Hydrochloride,Zxzm9pJ3jt,720339,49884-222
68788-9835,Simvastatin,ZsoFFmtET,955514,0173-0753
10544-002,Metaxalone,FJ8jTFiWR,372517,51346-011
13310-146,Bactrim DS,P66xqrGhA,475555,76439-207
21695-714,Losortan Potassium,JfVrByk,100696,43419-859
76334-001,PEN Prep,5rbrGHli,476922,33342-071
22100-006,Healing Waters Violet Rose Hand Sanitizer,UpOWrYWM4d,380728,0283-0610
0904-5180,Tussin Sugar Free Cough,jPvxggDkx,798431,10237-728
61601-1183,Eve Lom Radiance Lift Foundation SPF 15,2JvMyjUXp8v,817714,52584-771
59779-904,CVS Advanced Healing,ew1rT1HdggSp,671182,43319-020
13537-189,ESIKA 3-IN-1 PRO MAKE UP FOUNDATION SPF 20 BASE DE MAQUILLAJE PARA ROSTRO 3-EN-1 PRO FPS 20,UNmR6Q,848481,49349-646
10812-417,Neutrogena Beach Defense Water Plus Sun,BsbVgp81h,351578,53200-005
53346-1304,DR. RECKEWEG R4 Enterocolin,qWjj0R5C,562705,50184-6200
63323-130,Doxy 100,0Ge0Vftu1C,718367,49798-001
51655-125,Cephalexin,3OQ6u3AaDvb,152265,59779-408
64942-1181,Degree,lYchGwpK7vb,759919,21695-902
0071-1016,Lyrica,9OuE8r,633138,55714-2236
57469-020,Disney PIXAR Cars Antibacterial Hand Wipes,MHCbQSilMZfE,317465,68788-9025
69249-000,POVIOFIX Antiseptic,CAgOC9wJ,644208,0603-1550
67544-629,Alprazolam,Gc2iP7LL,648754,0268-1460
51862-182,UREA,Ylsn4B7G,999085,0113-0484
68308-223,LORCET HD,NEQCbmfK,419486,13537-278
59746-348,Quetiapine Fumarate,4l45UzgHV,770279,53145-026
43742-0486,Intestinal Distress,fqlNbK,58936,0409-6028
0078-0499,Lamisil,ryTl5uH6z,981139,55316-974
65044-6722,"Standardized Mite, Dermatophagoides farinae, Intradermal, 300 AU per mL",mIu9XPMVco,853615,63323-352
68327-027,Cover Fx BB Gel Mattifying Anti-Blemish G Light-Med,ohMzQgt,271926,15127-595
11822-0710,Daytime Severe Cold and Flu Relief,vcJi50Fup,954363,50988-303
15127-283,Allergy Medicine,2ZR6XC7SXK3T,325389,55154-5040
41520-614,MEDICATED DANDRUFF,c1dhrmSZBv4x,474679,59875-1015
49483-330,Low Dose Miniprin,KBszWb,868118,49349-853
42002-516,Listerine Healthy White Anticavity Mouthrinse Gentle Clean Mint,XElfKVPuL,446915,65224-537
49738-721,IMAGE ESSENTIALS,QyACHZMHX7,597941,0536-4122
49035-340,Equate antacid,K5BvoYn,717838,17156-026
66336-586,Etodolac,WxJN7cU,542147,60512-6009
49349-837,KETOROLAC TROMETHAMINE,chcx2W6ZRhF,847275,55154-5892
58552-128,Carbaphen Ped CH,SCCztP,485162,63539-5195
13537-016,ESIKA HD COLOR HIGH DEFINITION COLOR SPF 20,x3E07avQb,303570,68647-194
0409-7171,Aminosyn II,tgcSrXW5jNMA,931165,55714-2281
59535-4411,MAX HYALURONIC MASK,gAVO5JGSeF,792380,59262-347
64058-245,BIO-MEGA,C2dkgni,502659,43948-6001
51143-069,Petroleum,dT9x1v,316994,55154-5379
65342-0101,Laura Mercier Tinted Moisturizer Creme Compact Broad Spectrum SPF 20 Sunscreen NATURAL,9OCEuFqI,519368,44911-0064
53489-530,Atenolol,CfTFDVry,693590,60505-2680
54868-6316,Levetiracetam,dTAB4pxl,397057,59800-8001
56062-083,ibuprofen cold and sinus,Bp1afz,258140,53808-0673
16590-270,Fluvoxamine Maleate,4T6wQqEKtkK,189125,45802-438
61159-000,Neptune E2 ANTISEPTIC FOAM HAND,3KcWwC8IF7,287419,10742-1412
41250-007,Medicated Apricot Scrub,ETF2BqCA,284332,0904-6121
55714-4596,Eye Floaters,NZcpNt0U0mHF,454978,64980-186
52584-463,Nalbuphine Hydrochloride,qIOtxA,65040,21695-520
10742-8134,Mentholatum Pain Relief Extra Strength,fXXuEHE1dCeH,664546,54473-257
55154-1813,Zyprexa,kdkKvU8br8I,306038,59115-110
20482-012,SUBSYS,8Xb1R6W,59534,0054-0107
51672-4150,Carbamazepine,NGpMBLQS,203305,21695-961
52125-800,Erythromycin,s2RAiSe51,204893,69154-010
55910-461,Maximum Strength Flu HBP,gPlvRRkwU,30005,67239-0202
55154-2375,Lidocaine Hydrochloride and Epinephrine,rY6u9p2,176165,13537-318
55154-6814,Pain and Fever,BTUiF7,343736,60512-1021
68788-9555,Terocin,H3QlHCGsKtRn,758557,11695-1425
63354-250,Banana Boat Protect and Hydrate,KgXRyJM,655049,61515-103
67365-001,Oxygen,1ELJ9kxKK75,876770,75847-4001
36987-3236,Lamb Quarters,k77GloU3M,111539,68788-9858
51991-735,Granisetron Hydrochloride,jpR6TA8HUE6,395755,59535-9401
36987-2578,Red Cedar,Ovhwz0Go,621512,57520-0929
0268-1481,ATRIPLEX WRIGHTII POLLEN,m0055Y6eD,606248,63629-4855
54868-3648,Azithromycin,BSRmtNVkvz7,315606,43199-012
0025-2752,Norpace,wEL59C3lJ,151144,75863-1001
11489-070,No7 Beautiful Skin Day Normal Oily Sunscreen Broad Spectrum SPF 15,Jcavc3,965332,30142-264
0832-1217,Jantoven,RJGUM1k,442637,49884-035
58118-1157,Paroxetine,kQSDLREO,375362,54973-3147
61589-6506,No7 Beautifully Matte Foundation Sunscreen Broad Spectrum SPF 15 Cool Ivory,huTgvk,631963,68788-9386
33261-222,Allergy,vEuI3QZ,87840,66336-786
51442-330,Colgate Toothpaste,zg2i78HL5jH1,277553,65342-1381
63629-1748,Nitrofurantoin (monohydrate/macrocrystals),kxbPu3,58507,0363-0602
67618-151,Betadine,Zjd2ZjD,237168,55301-455
42707-1001,Dangsim K-7,HBH6M7,736302,65734-867
51138-038,Hydrochlorothiazide,60TdLFqRab8N,311389,59535-3401
52810-501,FUNGUS FREE,paxzPWIePC,434416,51668-503
60432-464,Lidocaine Hydrochloride,essqD0lAQ8L2,382736,75909-140
37808-202,Minoxidil,JLgvqzGW5I,189219,0268-1139
57367-033,THERABREATH TOOTHPASTE,Jkso0wlj,221782,63739-674
58154-104,healthy mama,vRo7B8Wb,98011,21130-009
49348-744,Sunmark Antacid,nIDe7EQd,105801,51393-5622
13537-335,ESIKA,5EzCZ6j5Zq,160669,0378-5043
52544-953,Zenchent,W4TeZmHmW4,811689,65044-5101
37012-927,Shopko Diaper Rash Maximum Strength,cmdGihysd7Z,240058,53808-1050
48951-8250,Strophanthus Aurum Special Order,KvidzYrEEl,64594,41268-359
0378-6810,Zaleplon,ugFqPb9,295725,15751-2222
11980-228,FML FORTE,tXaRVj9qSG,335484,36987-1904
24286-1532,Tincture Merthiolate,RLzG0NG,598832,55154-4708
54868-5204,Benazepril Hydrochloride,1IUfx8sPA4Ao,168959,0006-3628
65862-018,Cephalexin,wRgBOAeH6,56047,68647-122
43857-0008,Serotonin,t3YYgH,699031,55154-5867
63187-063,Tramadol Hydrochloride,i7yJNnG,204483,53208-377
54868-4350,RANITIDINE,bAgzRepulX,465416,33261-070
30142-886,sinus congestion and pain,s5gOpMhtkZS,811553,54575-129
63481-437,Opana,iVSwLdPIxk4C,994925,52709-1001
57520-0450,Restless Legs Relief,jjWNMzFM,682070,62011-0552
58443-0030,Australian Gold,O4Q2X7S599,769235,13537-037
49035-202,equate hair regrowth treatment,yo998b,929735,50474-200
37808-292,WHITE LAVENDER AND MINT ANTIBACTERIAL MOISTURIZING HAND SP,djBEgKbX4c5,298215,60505-3252
58118-9894,Major Clotrimazole,phlpOMrFJ8X,727613,43063-539
43857-0160,Injury,M5oCQJrTR,325505,60306-115
55289-877,Orphenadrine Citrate,NIUNjLS7uQz,590658,0378-2008
62011-0002,health mart pain and fever,kzIFNQ,105887,76384-005
63868-979,Ibuprofen,pGg5ky,253082,63824-309
48951-7092,Onopordon Comp.,UdfztZr,6006,59137-520
0944-4303,TISSEEL,hUH3eNoLtzB,96329,57520-0990
49288-0282,Kochia,6V5Oin,747568,52125-188
50410-060,Belucie Luxury Timeless Golden Age Day,FiCULniaHvb,261696,0363-0838
0078-0274,Neoral,Y8BLXURQ,28874,63629-1868
0264-1965,HESPAN,qi9nOfNX5X,471620,60760-512
76450-051,DERMATOLOGICAL SUN PROTECTION,ffnBRFda,519787,67296-0620
64376-131,Levofloxacin,eyGmeYbT,443190,57520-0661
36987-1687,Dill,WACGB6QcbrKe,878481,0169-5175
55154-5073,Propranolol Hydrochloride,VhAOIMC8d,432412,48951-7064
0378-0081,Captopril and Hydrochlorothiazide,O6EGOpUEP,887326,76245-220
0135-0228,TUMS,KAsuwEa,421319,0378-4150
49035-511,equate first aid antibiotic,ysVbKN,211733,43269-693
0115-1121,GALANTAMINE HYDROBROMIDE,V2Q0oB,10392,54532-0021
13107-020,Hydrocodone Bitartrate and Acetaminophen,WNpH4ehVZs,629785,51367-021
0363-0934,wal tussin dm max,J09mNh5xFAtX,732878,51439-003
58496-601,Instant Hand Sanitizer,MPGeNrKrA29,420297,64525-0553
49643-414,Alkali Blite Pollen,cD4tsYX0r,765288,68001-154
10725-0001,OXYGEN,Y9o8mOKG,396394,53389-241
64406-005,Tecfidera,Zl7b89,30317,54868-4232
16729-176,AMITRIPTYLINE HYDROCHLORIDE,SrG6d9Jju3si,190434,35000-086
0338-1101,CLINIMIX,pdvA3PyF,451977,51117-001
0378-4017,Desloratadine,hQuc6po,606115,0904-2821
10812-433,Neutrogena Sport Face Oil Free,ndBR9Ies24A,607228,55154-6965
16781-384,Locoid Lipocream,OgciUz8QtcFs,587950,59886-413
51346-257,CELL BOOSTING BB,t3secenjq,297513,0179-0113
0268-0292,"Meadow Fescue Grass, Standardized",WCR9wSMn,983011,52533-024
30142-952,Hand Wash,Hz3eEiZgq,451254,54575-473
55714-4449,Menstrual - PMS,fFPJiNGCA0hX,222851,61748-205
68180-898,WYMZYA FE,1kQ3OaefhDRo,70461,49288-0780
59148-023,Pranactin-Citric,fiwt9RD7wlAx,142705,64893-001
42291-337,Ibuprofen,WgYZ6EUnTINO,321683,55154-4223
49614-313,Pain Relief,sUcTpxotxH,21414,43269-695
30142-930,Kroger Lip Treatment,Gs0fVI9kj,342034,24236-068
63824-528,Mucinex Fast-Max Day Time Severe Congestion and Cough and Mucinex Fast-Max Night Time Cold and Flu,j48rJnI3K,93004,25021-107
55154-9420,Guaifenesin and Dextromethorphan,Td6S7EU,650990,21695-960
68382-094,Carvedilol,EoJfkyMve4,939583,52125-218
65342-1007,laura mercier Tinted Moisturizer Creme Compact Broad Spectrum SPF 20 Sunscreen FAWN,1Wz9rDaT8ZnN,482514,49884-511
51079-935,Triamterene and Hydrochlorothiazide Capsules,T3LNKGPbijxS,942715,36987-2424
49348-314,Hydrogen Peroxide,HqmN0RxHGt,55143,13925-101
57955-8199,Regional Allergies Plains U.S.,YjxfHlxES,672619,65841-675
0268-6634,ACER RUBRUM POLLEN,xSHQl0lxZ6,409285,54868-5522
63824-161,Delsym,gvXUzVY2wc4,411196,61314-237
65044-1414,"Pollens - Grasses, Corn, Cultivated Zea mays",cWjUSVf,547007,0054-2795
61748-219,Triamcinolone Acetonide,GcArCQqpaqYC,568089,59002-112
62085-1001,GIM,cDJRJOkGtxZ,52003,55346-0404
59021-006,Fresh Picked Strawberries Anti Bacterial Foaming Hand,GVFNFdVz6OKI,718167,14783-028
49358-554,Mineral,sp3MV6p,620771,65580-644
0496-0716,Pramosone,SLS2f4XUu6uM,609969,57627-112
50458-860,NUCYNTA,2nomDrTH,405659,0006-0112
0024-5800,Xyzal,NifrWX8EzH,926533,68472-129
52125-734,CAFFEINE CITRATE,SmcLsZk,439677,98132-148
0268-6697,ZEA MAYS POLLEN,r6j1nl6Uf,251266,53663-0001
53942-519,Petroleum,jUqIWAV3Y,888501,0268-1159
55301-357,exchange select antacid,AUGmKwLS,962607,65044-1780
55111-471,Risperidone,pU2Xkx68xiu,412716,46287-012
52125-608,benzonatate,9Gqtd3s,329807,27495-010
42291-231,Diclofenac Sodium,yoh4raFH5q,849024,59535-4401
59973-003,Nurture Skin Repair,LjPz8A,147558,11822-0994
58411-148,CLE DE PEAU BEAUTE FOUNDATION L,lslm7jPIaK5D,410397,59762-2002
54868-3134,Marcaine,31xA7DxRWgWF,432307,49967-373
64117-983,Nausea Constipation,TkfCB6C1XTkb,573101,0904-7891
64578-0078,Viru-Chord,sHIhPzdvB,800173,59779-122
36987-3270,Mugwort,Df1yD6,200123,66336-555
68994-2001,Bumooly-S,jFRUF2z,949257,58668-2641
68828-177,Tender Moments Baby Sunscreen Broad Spectrum SPF 50,CQnYkJQvltf,793381,36987-2913
76385-105,Benztropine Mesylate,Y3RUsYUog,235352,43742-0356
50436-6668,Losartan Potassium,KkrSTMnoxrp,633551,52125-141
52664-008,ELF Lip Balm SPF 15,eNvYVd5OW,664464,50114-5324
11559-015,DAYWEAR BB,0JK6MKPK,387598,52584-903
0597-0086,Atrovent,9bnxTQe6ma0,37738,49999-764
16729-134,Allopurinol,eiHal0V,1195,52584-912
37000-283,Olay Regenerist,p9fTlyN1t,201959,60258-890
63459-215,Nuvigil,UAsZfr,269615,67296-0140
35573-200,RELNATE DHA,SIdpw1A,649520,47335-176
61957-2030,Diorskin Nude Natural Glow Makeup 030 Medium Beige,WNQaxwiIy,442314,67492-105
48951-8133,Renes Veratrum,BCD7yQ,137785,37000-044
52000-009,Isopropyl Rubbing Alcohol 50% With Wintergreen,3JDgJw7yRo5s,623340,48951-8125
0135-0475,Nicorette,USKzTxQf6,585251,36987-1495
68462-228,Lamotrigine,YaNqOhYKHg3K,955455,60512-1034
10345-029,L OCCITANE SUBLIME BEAUTY BB MEDIUM SPF 30 Broad Spectrum Sunscreen,zvdeDcsedl,673946,64809-104
62011-0081,health mart nasal,gAr3wxzf77,484828,59779-569
42291-730,Sildenafil,nARhECa,365521,52709-1301
23155-017,Tetracycline Hydrochloride,VNra9r,893919,0068-0037
76204-002,Levalbuterol Hydrochloride,4Yv7FfD7fXQ,784916,68428-031
37205-436,Leader Ibuprofen,sn44UF3SLU,153411,43269-776
63868-190,Nicotine Transdermal System,ls9h7yp64Vk,887670,51672-4044
0591-3762,Amlodipine Besylate and Benazepril Hydrochloride,m0oakmPU,401466,60505-3130
43857-0299,Edema,BzJnokbBsfrt,704488,36987-2613
57955-5053,Lungs and Bronchial Relief,kMmdnid13,1383,54973-2954
37000-786,Head and Shoulders Conditioner,xsaZJP8GR,225700,76138-103
65862-227,Lamotrigine,zsLzIMLMGH,182482,58980-623
0053-8133,Helixate FS,FD7lgjwFKq4,766830,42549-655
64679-962,AZITHROMYCIN,vnMqEj0obtjH,486659,55910-950
0168-0135,Fluocinonide,L9jAKHfe3b,217050,57501-953
0591-3704,Armodafinil,WHjjvbx0p,990219,63187-123
61957-1931,DIORSNOW WHITE REVEAL PERFECTING MAKEUP UV BASE SPF 35 BLEU CRISTAL,xpspiP5R,487364,50242-040
55111-469,Metoprolol succinate,RQBr7d1Q,57326,54569-3324
36987-3452,Wormwood,rFSxEWod86G,4094,60429-231
53808-0979,Spironolactone,lD9OQfxY,796940,53389-221
0904-5180,Tussin Sugar Free Cough,GHCBrK,801209,37000-114
10812-304,Neutrogena Healthy Skin 3 in 1 Concealer for Eyes,X3HxupO,438011,43269-725
58411-127,SHISEIDO UV PROTECTIVE COMPACT (REFILL),i7lnY7I,528359,67938-2001
0409-7333,Ceftriaxone Sodium,3XBY8TEJ,54240,23155-194
59762-0810,Nadolol,1YaYpxNq,356953,68682-357
60533-006,Lemon splash anti-bacterial SCENTED HAND SANITIZER,SXBAbWHl0KAn,140377,63777-261
48951-8125,Renes Betula,Cfu1lbt40J,788077,60681-0101
33261-988,Amoxicillin and Clavulanate Potassium,tuIX9OhVgh,793030,0395-1207
42549-531,Amoxicillin and Clavulanate Potassium,XL9y6ZCy,246336,41190-187
52083-057,SUPRESS A,xwbyvZfA,298614,52125-822
0462-0264,Aclovate,10bUj61aXRnJ,870684,37012-224
50169-0007,Type 7 Stress Anxiety Max,L2U6OpXgyZPP,205659,34645-5028
51138-043,LEVOTHYROXINE SODIUM,IO8RtGby,865910,61734-040
53329-940,Povidone-Iodine,dpa0bcM,802962,11673-401
60867-102,safeHands,xxy6pT,294453,47335-819
67938-1394,Pure Finish Mineral Powder Foundation SPF 20 Pure Finish 5,xxqcY4m,955146,42549-641
51672-2001,Miconazole Nitrate,yyIUYDk,986750,62011-0194
59212-700,Orapred,jHyOPQm4ew,141001,66116-494
64058-241,Retadolor,2mghjL,261653,0615-5559
66658-110,Orfadin,Pjaz40Ba,870136,24236-266
0363-4000,Walgreens Aloe Vera Burn Relief,aZmRPFv,289982,49035-515
60429-772,Topiramate,YJOOux1OyX,623664,55289-140
49808-201,Benzoyl peroxide short contact,zsKRRDpNe,476482,58930-018
61957-0600,DIORSNOW White Reveal UVB Protection Sunscreen Pearly White SPF 50,reMLPfo,385110,49643-109
61442-201,Cephalexin,elsxsp,521332,54575-449
68788-9538,Cephalexin,3NUwL5,731067,0781-3240
60640-3688,Lollicaine Bubble Gum,sGuVOghbdfJQ,278245,51346-178
45765-5142,Gentle Eczema Balm,AGChgm7zgj,307922,76485-1023
0002-8730,Humulin N,OfJIqIZqIDg,810018,21695-544
0004-0244,Invirase,TQ35M1,987634,23155-046
43857-0133,Lymphoplex,k6hqUGGN,812030,42543-052
61715-027,Broad Spectrum SPF 50 Baby Sunscreen,i2BMOihc,744982,47682-488
51346-127,SUPER AQUA MAX WHITE C WATERFUL TONER,JQggO6x,421203,49967-857
49693-1701,Quentans,bINKXsN1I8,757310,54868-5185
22700-152,Covergirl Queen Collection All Day Flawless 3in1 Foundation,vvPnxBX8a,836230,49999-116
24488-021,Prevail,SKJrF80lvyQ,981522,61957-1069
48951-7080,Nux vomica Chamomilla,ONMfovKT3,592796,24236-063
0615-1501,Fluphenazine Hydrochloride,jV5etgzzxTyh,830920,42792-107
0268-1533,AMBROSIA ARTEMISIIFOLIA POLLEN,TK2VYtk6A,439717,50458-560
0085-1297,PEGINTRON,0n0rXYyNlE,780547,63739-356
51514-0304,Alba TerraTint Garnet SPF 15 Lip Balm,G3enmxJX,497243,15310-110
16714-351,Fluoxetine,qYoIBbSNgg,939854,0069-4170
55154-0685,Clonidine Hydrochloride,mCzdTKfREvLj,317976,65597-115
25543-100,"Oxygen, Refrigerated Liquid",Y00CXmgtG,593990,63354-615
59779-046,Cold and Flu HBP,fU8hnA368Vn,654348,75913-113
0268-0082,CENTER-AL - HOUSE DUST,k1fOxa,404919,76049-002
37205-662,Acetaminophen,GD1tcROWU7vT,24281,42254-153
42865-103,ZENPEP,VHTEuzW5J0,449367,0904-6266
62064-011,Egrifta,Zjex4P,227673,17478-289
55648-907,RANITIDINE,eJROZP2rcjzC,330309,59779-566
68788-0134,Albuterol Sulfate,veghCUti,912332,0591-2315
63629-4331,Methimazole,KM9UKutl,417324,61715-088
37000-675,Crest Pro-Health Stages,knmKDVjbN42,424565,68025-056
0187-1366,CeraVe,C4yyJ3DFL,841363,43857-0121
64942-0832,Degree Women Sheer Powder,AeV9soS,887641,54868-4456
0591-3212,Fentanyl,87J8HQ1J86,868666,60512-6162
0781-3136,Methylprednisolone Acetate,zbblOH1Rgd,449022,0378-7970
57520-0603,Colic,Zmlgx9VDF,2020,11673-417
0093-0813,Nortriptyline Hydrochloride,jCH9lzY,974253,57520-0595
50563-134,RUE21 Cotton Candy Antibacterial Hand Sanitizer,jWUjVwY,355958,0378-3040
49349-814,Warfarin Sodium,chCLPlyfriFK,168397,43269-800
37012-667,citroma,IWnsXpo,521828,54868-6276
63629-5424,Hydralazine Hydrochloride,OYIlKBZpH7A,283120,0904-6370
61957-0124,CD DIORSKIN NUDE SKIN-GLOWING MAKEUP SUNSCREEN BROAD SPECTRUM SPF 15 070 Dark Brown,egVW3sa,31069,21695-039
60505-3620,Candesartan Cilexetil,c4suU4r9kB4,923888,46122-139
48951-8099,Pulsatilla Tormentilla,k3aXMRbQ,135482,0378-7351
37000-107,Secret Scent Expressions,Ot3OdR4L,317417,43063-065
52125-812,Olanzapine,UpwfUD,36027,68180-313
42254-302,NEO-POLYCIN,c4UaV1,960252,60429-300
60512-6163,ALUMINIUM MURIATICUM,OrHgmmY,470517,63629-4139
57337-023,XtraCare Antibacterial Hand Cleanse,xrQn4v1yexUk,386290,54575-390
59779-397,Nicotine,SrlZ1hH,456953,10147-0750
65044-1171,"Pollens - Trees, Birch Mix",ynhljuBZt,104862,59746-211
15370-036,RU-HIST PLUS,jAYrJBQy,654384,57520-0171
0270-1317,ISOVUE,dnGzuMQKOk,481703,24385-910
36987-1182,Goats Milk,U5iYWk,15748,64011-243
34362-0300,Conceptrol,0d9x9E6MTasI,97356,0409-5921
65044-4084,"Animal Allergens, Dog Hair and Dander Canis spp.",glJoGFOOu,150851,0406-8553
43689-0005,Restless Legs Relief,MqqjaI,182273,50181-0011
68703-055,Triple Complex NicoTonic,CXCdXM1rzvne,149,53057-013
25225-022,Coconut Vanilla Hand Sanitizer,Uqwhv4zJgu,909267,31507-585
54868-4171,Ketorolac Tromethamine,629bgP6gNEG,308048,53329-076
0179-0067,Ergotamine Tartrate and Caffeine,1CTL91fKIy98,244840,55714-4408
10019-632,Ampicillin and Sulbactam,isOV6RCKKkQ,906808,61504-000
62007-024,PCXX NEUTRAL GEL PINA COLADA,cOrYbfEG58Ei,275456,13537-526
37000-265,Gillette Clear,2Q5XHmy3s7h,975165,62011-0189
43269-812,Grape Vineyard Antibacterial Hand Wash,JR0sbsy1,438090,25000-114
21695-795,LOVAZA,70lyRJPcmnDx,475055,51811-375
54868-5256,Benazepril Hydrochloride and Hydrochlorothiazide,AMuAEmOu,367802,59746-122
61786-013,Benztropine Mesylate,2O9n1UtA,818225,51079-984
67226-2145,SkinTx Daily Defense,Cdx16rs,991716,28851-692
0603-1491,Oxybutynin Chloride,Hwk9g445yx7F,947337,36987-2189
59726-360,Extra Strength Pain Relief PM,t9WgvSSS27Q,153480,0065-0419
0832-7124,Divalproex Sodium,rI0OtqZ,239544,54569-3563
76151-210,Boscia BB SPF 27 PA,slx9gQ,511861,49288-0206
68016-158,Childrens Mucus Relief COUGH,cTz6kjzBg,975860,59779-015
37205-476,Leader Chest Congestion Relief,hoOE90tsqnp,600801,55154-5539
49349-453,Ciprofloxacin Hydrochloride,DmxbfC1,156031,68645-461
57520-0357,Fungustat,xwzYJ5TaWK,364338,11673-450
62171-050,STEBLANC WATER CC PACT,Tq6d5M,126637,53808-0654
53723-0001,NatuRx,QQ1YPXJP,610944,10191-1201
50988-212,Antibacterial Hand Soap,LYKL3A,336260,68084-283
0781-3314,Argatroban,ei0GLLv,575920,55111-154
54868-4599,Ammonium Lactate,0JAproy5i,755716,35356-766
63981-329,Allergy Medicine,GoBjMmHNbc9P,110193,0781-7157
63736-859,Nice Assorted,Z1bvLxAbz,659704,36987-1400
0268-1520,AMARANTHUS TUBERCULATUS POLLEN,KjDWyoCp0A,992468,55910-988
41250-163,ANTIBACTERIAL FOAMING,zMcQhudcOT,534215,68516-3202
57373-103,Natural herb,gpeG4EDrZHli,437388,41250-013
10812-258,Neutrogena Ultra Sheer Body Mist Sunscreen,WTheIDv5DM,665922,10586-9102
50111-918,Torsemide,KA9ZVTBjER,721805,55316-056
46287-015,Amantadine Hydrochloride,sKp40fYao,415281,21695-624
55111-120,Famotidine,gC9ytN,801994,10019-506
43596-0010,LBEL EFET PARFAIT Spots Reducing Effect Foundation SPF 18 - CLAIRE 4,ROV5CTCjnPZN,466916,0173-0344
0143-9837,Penicillin V Potassium,rQos7i,901207,54340-700
17630-2025,Banana Boat Aceite Bronceador Seco Tanning Dry SPF 6,qzuvjwJQdO,648580,43742-0017
52125-017,Tamsulosin Hydrochloride,6x5fyll,321736,65044-5113
37205-361,LEADER NICOTINE TRANSDERMAL SYSTEM,XtYmS7v,717555,55714-1502
0998-0615,Maxidex,6xqNorvApWu,939172,42549-589
50436-9972,Levothyroxine Sodium,vLAhhE0rYp,453108,49035-131
58895-3001,BEAUTIFUL WOMANS HAIR LOVES COLORFUL BUBBLES HAIR DYE 3N DARK BROWN,qW6nH4Xu7e2,144024,60637-017
55154-4915,Furosemide,SMVxOjQ,255693,65862-456
0395-0400,Humco Calagesic,TAL0VIYSqv,151531,68196-194
41167-1001,Rolaids Extra Strength Mint,NZjaeQqrf,662336,59579-003
24385-340,Good Neighbor Pharmacy Antacid,81vtwQ1HyJUv,465528,55513-530
52125-470,LATANOPROST,4IR8H2i,229594,29300-127
0121-4577,LACTULOSE,xre56mA9RiuJ,768646,51672-4066
47682-456,Bayer Genuine Aspirin,XQL3rsK,55952,21749-417
0781-6102,Amoxicillin and Clavulanate Potassium,sg6LLhU53,414770,10702-005
51672-4109,Ondansetron Hydrochloride,79ydfsByna,657466,63941-314
10755-030,tourist spf30,oDYENL4D82G,481552,75921-125
55312-958,12 Hour Cough Relief,4JRHDqGIMcoH,865255,55154-4774
52125-734,CAFFEINE CITRATE,FABz2o75,720950,36987-3176
67046-926,HYDROCODONE BITARTRATE AND ACETAMINOPHEN,rOLZwtP,539342,50458-092
63354-625,HAWAIIAN TROPIC,doD9jyZqRX,561565,57664-275
13811-675,venlafaxine,41NidwpR3FF,613622,14222-2022
37012-072,Antiseptic Mouth Rinse,xNeBREf5f,408959,52083-713
52584-003,Propranolol Hydrochloride,fJxa2U,172002,43063-164
0268-0816,ALTERNARIA TENUIS,gOnqaNWLpRxD,22425,41520-163
58118-0434,Trazodone Hydrochloride,6YZuotLo6rum,467241,64679-926
67046-426,Lisinopril,MDOB7s6jFnF,320451,68258-3984
11822-1770,RITE AID RENEWAL,jx8pMkMhjR,610786,68462-126
60681-2901,Pleo Quent,TvqMLSPX,557047,59762-2703
48951-2009,Bambusa Aurum,NQM1AT,257216,19392-500
24338-120,ERYTHROMYCIN,RerjbjHvJ,644018,55154-5627
53499-7271,Kali bichromicum,bw6gy4W,599368,55154-2731
55154-2026,AVAPRO,EPZde5Vr6Wq0,695243,36987-1157
60512-6598,CIMICIFUGA RACEMOSA,kgbXOZ,495361,63824-450
54569-5962,HYDROCODONE BITARTRATE AND ACETAMINOPHEN,2OxTo9jsaZh,849459,43353-936
43846-0005,Muscle Ice,8GVYNjlN,563469,68001-232
55992-717,Nail MD,5HK6c5gvQgd,633252,52380-1855
65044-3116,"Food - Plant Source, Melon, Cantaloupe Cucumis melo",kcMTdwKAaf8,37077,49035-247
68001-226,Ursodiol,AZLbDg1NDx,724373,37205-629
17630-2003,Banana Boat UltraMist Baby Tear Free Continuous SPF 50,g70jRc83,372637,13925-509
68084-551,Isosorbide Dinitrate,7rZTChx,372948,65649-501
21695-604,Alprazolam,gZIo0fo,617134,49999-828
55154-4914,Dexamethasone,wH8swgF,504221,64679-101
0884-5493,Fungoid Tincture Treatment Kit,kUIeICUERN4m,674249,61924-410
58310-001,Oxygen,jxKmJSNP0Ey,496018,49404-105
55133-030,EGF Premium Antiaging Special,QM3jHS9,314318,43063-051
54569-3322,HYDROCODONE BITARTRATE AND ACETAMINOPHEN,RsexjW2,360445,64679-775
0378-1454,Estradiol,Q9xAIU1wMnS,572010,65923-699
65862-111,Stavudine,9KmNe3aQ,853135,0228-3116
61589-6011,No7 Lift and Luminate Foundation Sunscreen Broad Spectrum SPF 15 Warm Beige,vHoFqrxa,534640,0781-1392
53329-231,Soothe and Cool Free,Qjvw9H4,683712,68788-9523
58930-001,A.H.C Real Eye For Face,lk7O4AmlOcu2,721340,68745-1094
49852-015,Waterless Anti-Bacterial Hand Cleanser,1MHXNL,122063,57520-0238
60505-0251,tizanidine,CqOoud1,945015,53329-975
68462-394,Alyacen 1/35,bJ4bYyQe,903059,49817-0065
55655-123,LIVESTS Moist Liquid,MoJ1p4YV9Y,561780,53645-1060
49349-544,Atenolol,x4aPPCcz,855755,0409-4777
51655-875,Phentermine hydrochloride,2GDHVCdPNlAz,599341,0363-1701
33342-051,Losartan potassium and Hydrochlorothiazide,XzpqMF6J,870461,58468-0150
55289-205,Ambien,h5kC2GBG2,830093,11695-1436
48951-0076,Apis Levisticum Ear Irritation Relief,YZkcEk,926125,54973-2049
43857-0085,Liver Tonic,5Y36ubR72Mh6,54259,52686-300
64117-211,HEADACHE INSOMNIA,ofcTFf84eqd,204931,48951-3118
0113-0854,Good Sense Nicotine,GnPPl1iM1CF,781114,0135-0090
60512-8020,KALI MURIATICUM,kFaSrXYvBF,77527,41250-050
24236-432,Hydrocodone Bitartrate and Acetaminophen,HgGuUqqwH,817932,61957-0040
11822-1770,RITE AID RENEWAL,5iKOoo5q5,43301,68788-9772
36987-2315,Couch Quack Grass,7esWR5,754564,37000-204
43406-0018,EAR INFLAM HP,dDMCHSA,154196,35356-915
41250-609,Nitetime D,76yBKR,46055,63029-062
0409-3373,Corlopam,j13b4ZPuXsB,801076,61589-6506
49035-039,Witch Hazel,KaLPaHr,150261,64117-970
76452-002,Zaliex Antiseptic Hand,OyjStfynm2dq,200603,41250-915
0409-7139,Sterile Water,dTLP4y,663728,49349-424
60505-3809,valsartan and hydrochlorothiazide,dz419QO9q4,834191,55910-140
63146-107,Lagarde,cjp4h6zzRS,661026,68308-165
0074-6479,Gengraf,NFronv6,681053,63323-304
0591-3780,Sildenafil,cKNKfxoO,262353,24385-197
52920-123,Pain Relieving Analgesic,m2yzPsW,235203,11523-7157
0043-0460,Theraflu,1HUz4z,184925,49348-031
64009-305,Spartan E2 Hand Wash and Sanitizer,RUrLCR23av,147547,51531-7487
63629-1536,VERELAN PM,GTzLz5,77201,64205-220
49221-3000,OXYGEN,PaiXta4f,370650,36800-360
0944-2822,Aralast,3BswJPg,346505,60914-001
49738-966,smart sense arthritis pain relief,jLsHMR,346570,21695-651
11523-7335,Coppertone,o0GKAM6p3p,547000,21130-053
57955-0722,Dairy Intolerances,IGum0RPpc,780053,62670-4813
0904-5497,Nitroglycerin Transdermal System,L3bextxL,611931,53943-115
55648-661,GRANISETRON HYDROCHLORIDE,KHyI34,882575,14783-318
41525-5001,The Gargle,OOK0pp,991353,55289-196
0049-5730,Navane,tUeN7KQnfcT9,845817,24208-290
54868-0018,Erythromycin Ethylsuccinate,DV8dfxwVi,407654,36987-1708
49288-0070,Beef,znuBeGi8gC,111700,0143-3991
76069-100,Arth RX Topical Analgesic,GiG16fIcIc,877090,64678-211
66869-137,LIPOFEN,cfL4rVRn,592568,49035-888
36987-2928,Pecan Pollen,gpEOw92J8XME,640871,49967-095
10056-710,Peter Island Continous sunscreen kids,IP0yTPxtS,611992,0527-1349
0338-0719,DEXTROSE,VK7I7PQg,70149,68382-129
0603-1011,Amantadine Hydrochloride,ZOvIIs7,492328,54575-336
63187-003,Levofloxacin,ljAWfxSAISEo,264224,21695-088
36987-2427,Standardized Kentucky (June) Bluegrass Pollen,xrqkUsx,938053,46672-192
62034-015,clopidogrel bisulfate,Fq1gyMFSeS,349462,33261-228
51389-109,Real Deal Foundation,1leIbHD,685624,25021-813
0049-0114,ERAXIS,A58vdK,996666,36000-011
30142-925,Kroger Sunscreen,Z9DGyDNrb0,491859,54891-001
0436-0669,Di-Dak-Sol,RTk4ajS6h,431923,52642-004
50382-007,HYDROCORTISONE ACETATE,y53RLfL,615869,68788-9108
43479-203,DAILY DEFLECTOR MOISTURIZER,C47Un7WCGK,400974,0135-0512
50580-198,Motrin,P7eQAiSzAf,317494,0187-5525
52584-011,Chloramphenicol Sodium Succinate,rvg3avgIRSN,625038,10056-134
37000-077,Head and Shoulders,A0d2993n,287876,0268-0134
58118-2788,tizanidine hydrochloride,nZUGWL,264229,63941-945
49358-545,MDSolarSciences,F2Cx3b4o,381012,43063-501
53808-0660,Atenolol,UQ5iqf,593984,63304-958
51991-293,OXCARBAZEPINE,ScadwRt,953094,21695-269
62011-0158,Loperamide HCl,EDl7DhLl0fNy,365308,67491-7777
62211-350,Allergy Relief,igGye2eJ,728697,0172-4357
11822-0150,cold and flu relief,3xMgs6lbM9,58320,42549-573
76332-002,AVAPTA,IAWbPQD,724777,53943-804
43857-0112,Adaptagen,5GPTdAg,583245,59875-1015
0363-0327,Gentle Laxative,9qHjvCd,181047,63629-1866
10356-575,Nivea Men Sensitive Protective,4jygoHIqYI,676821,10096-0071
59667-0042,Severe Back Pain,HpKgUrzGV,317303,76045-006
54868-6193,Micardis,rSVyAhxa,655256,43478-903
0024-2794,Ferrlecit,isfJqyRXl5YG,657630,68703-151
75848-0700,Mandarin Antibacterial Hand Sanitizer,rDMWO4Ac8tXl,882307,55154-2725
54569-0689,Ortho-Novum,qgYXmhZF,569168,67303-501
0113-0170,Good Sense Nicotine,xY1H4v,516658,54157-103
54868-3693,EPIVIR,89BWH3NI,302210,0603-3443
68084-097,ATORVASTATIN CALCIUM,rhwWrO,253706,49825-112
37205-538,Leader Chest Congestion Relief Plus DMDM,7odjBdBMQzBb,448804,60905-0022
64578-0072,Neuro-Chord,4OxowZ3A427,761191,54973-6433
76457-002,diphenhydramine hydrochloride,lyAWECAyig,37091,43598-003
49981-023,Friuts and Flowers Grapefruit Waterless Hand Sanitizer,91BGHTjzU7V,494614,0591-0502
65862-362,Lamotrigine,r4UMS4i7Fm,706437,0178-8500
54868-0070,Chlordiazepoxide Hydrochloride,mzB7vxH,944574,45802-001
43269-793,Autumn Medley Antibacterial Foaming Hand Wash,Q8DbrzSGW,823210,49514-253
61919-015,AMOXICILLIN,ySphvzXIQ,456019,64942-1166
70253-392,Ibuprofen,XSYFazEbxS1V,549267,36987-1359
40057-1000,Charm Tex,owThMBROm,457536,75902-1001
49580-3414,Childrens Acetaminophen Oral Suspension,kLVRHMod,236099,58118-0615
55154-4760,DIVALPROEX SODIUM EXTENDED-RELEASE,8HoIuTEM3u,57539,0143-0170
55154-6626,Gabapentin,oMQyzu,251564,0409-4011
0179-0116,Hydrocodone Bitartrate And Acetaminophen,rWwT9b1AVGZ,61327,63323-543
60716-010,RENOKIN HAIR REVITALIZING,DV5WPlvHgvEO,245650,65954-353
37012-165,allergy relief-d,6QPmAkFBLZW,721901,55648-784
57664-185,promethazine hydrochloride and codeine phosphate,8Ayb9diB,549947,44781-140
68462-260,verapamil hydrochloride,3soTZWefm,894721,59115-144
51334-0001,Toys-R-Us Babies-R-Us Hand Sanitizer,90GHGLwlqqyq,585956,24286-1520
52682-041,"Butalbital, Acetaminophen, and Caffeine",Ondi3c,170136,67457-341
10019-097,PROMETHAZINE HYDROCHLORIDE,9EQL77YxmI,39500,63868-267
49349-238,Divalproex Sodium,zfqrG1Oc9,626364,53746-102
63629-2825,Aspirin,vzTCRd,541418,67618-200
0409-1160,Bupivacaine Hydrochloride,GDY9knaLUM0,251382,41268-050
67510-1561,Night Time Cold/Flu Relief Cherry,0JdFiKCBfi65,816681,55301-179
55714-4584,Tinnitus,F00eFej,988296,55154-1827
54868-5484,SEROQUEL,JtIWzi,979085,0603-7818
57955-6006,Menopause Relief,qvKeapS,668518,24236-975
48951-9009,Thymus Mercurius,tiyx2OwHy,902997,43406-0069
0338-3503,Cefazolin,iq5UJXjCN,32562,68599-5312
55289-381,SERTRALINE HYDROCHLORIDE,vJfIIg,394359,47124-295
55154-3955,Lidocaine Hydrochloride,dFTl9qZQ39,116637,49288-0731
55714-4548,intestinal Bacteria,osmMkSli,207412,0093-7618
0781-5816,losartan potassium and hydrochlorothiazide,emmiImKTHG,422354,63941-124
0406-0136,Methylphenidate Hydrochloride,6mLIxxtK,714217,68345-272
68330-004,Ceftriaxone,SWpCHk4eGf8,454788,13537-458
59779-490,All Day Pain Relief,2dtTeS,128716,63824-721
45802-660,Clindamycin Phosphate,9BrsJgb,159530,49614-647
52959-540,CELEBREX,kH9zR7ou,684349,50742-139
58194-016,Sweet Pea,8JWWrZ8t9,896500,43378-121
36987-2317,Couch Quack Grass,VPb71cr,906521,55312-903
55154-4030,Lovenox,vg1nsK2,621617,47202-1141
52125-051,METOPROLOL SUCCINATE,QnYxoVt7xU9p,833900,67239-0208
43857-0028,Immuno Fortifier,kCT14Tv,848623,36987-1664
29300-116,topiramate,Pa4Nvej4,767143,41163-618
10481-1051,Silver Nitrate,nH5QAC,559550,49999-889
21130-600,Low Dose Aspirin,7PjUcr1RgCa9,246592,61919-158
52244-404,SEMPREX,oBVhQs0,435092,30142-791
58232-0531,Aveeno Baby Natural Protection Face,QsM14JcVBvoX,14355,67544-581
48951-3135,Crataegus Nicotiana,ANtYxWusw,984302,36987-1693
64893-331,Spider Sense Spider-Man Pediatric,eqUX51xeppp,699784,52685-361
55651-008,Artificial Tears,b1IfHoPLvrss,313998,61722-167
63824-176,Delsym,ql3jB3W0pjB,258009,51367-009
54868-2638,Synthroid,nNhcm7S,464716,0338-0719
34690-5001,Rose Sap Patch,1oM1DoMs,411886,36987-2328
76354-101,ELF BB,c6KNbo,360172,43742-0253
43386-161,Misoprostol,kd910uTRgzb7,304275,54569-1774
0078-0326,Exelon,Tvz9x4vKlnxW,417897,36987-3359
42406-005,Fresh Sugar Cherry Tinted Lip Treatment SPF 15,YpF1DGtW,814772,59215-6143
60793-430,EMBEDA,t7zIzPfg,452153,58414-2048
0268-1234,KOCHIA SCOPARIA POLLEN,EtQIrMbNd,153065,49349-170
10544-186,Gabapentin,C8yXKYsK,240607,37000-561
53152-1004,Instant Hand Sanitizer,YIw3Xsey,111346,67046-475
54868-5325,Emend,cBmXMTvoP1oI,338556,57955-5205
53808-0639,Cyclobenzaprine Hydrochloride,KMEOqevJF,488933,0172-3758
0781-3416,Voriconazole,8V8G2r4OyviX,664791,10812-342
68645-469,Lisinopril,8YY2LEh,599503,0270-1314
49349-161,Allopurinol,CDKmBnp,259412,65224-557
55465-002,Nitrogen,vPnBB6c35YN,511220,49999-937
11673-973,Up and Up Anti Itch,dxS82I6UK,520878,50742-139
36987-1121,Standardized Cat Hair,9iwT1c1,720407,52380-1272
55390-162,Octreotide Acetate,vQ88jdiJmXSN,569702,55749-100
0069-0808,SELZENTRY,uImmDIC5yGW,609528,60512-7101
67239-0207,Topical Anesthetic,o10Vi5wZ6,694559,63941-690
0064-3600,PRUDOXIN,etiaTRnq,603635,61722-200
54868-5814,Androgel,Am2Giyt3,895815,11410-309
46123-038,Carbon Dioxide-Oxygen-Nitrogen Mixture,4hUlrB2ZlIp,882386,0115-1330
65044-5058,"Molds, Rusts and Smuts, Cephalosporium acremonium",Xwh5f1H,128001,11673-321
68151-1742,Cimetidine,y09u0AB,600346,43269-882
66472-026,HELLO FLAWLESS OXYGEN WOW Broad Spectrum SPF 25 BRIGHTENING MAKEUP - CHEERS TO ME,IllpfD,939584,58118-0201
25021-652,Ropivacaine Hydrochloride,4Mog3XEnPpCS,158628,54569-2353
0186-0322,ATACAND HCT,i7qzxI6D,809399,36987-1969
36987-1469,Black Olive,mYhRLhtqP0,149916,53808-0913
52316-190,Dinosaur Gel Toothpaste,aQlSP7qe639,117146,0078-0379
63323-659,Indomethacin,G48vO5d3ik,648514,48951-7009
65084-456,Pacerone,RnBO4zxNEx,477903,66141-641
29033-020,Carbamazepine,RfP662XS,794739,63629-1330
68747-6027,Freshmint Anticavity Fluoride Gel Toothpaste,CVgTS3iPQhjK,169346,58118-0165
11822-0012,Junior Pain Relief,eUBlcchFj,683250,54868-4591
24385-200,Hygienic Cleansing Pads,feYNkZH,849957,0409-0220
65923-557,Family Care Premium Saline Nasal,ATDJJm,58759,60696-1234
43742-0221,Pyrrole,R5mKgT,192923,15127-745
54973-2958,Indigestion,HkPGSWV1,198323,55312-960
37012-882,Infants Gas Relief,uHA370agz2kr,571851,57955-2770
55154-4952,Lithium,2W2sp8YbRXxY,671215,63824-016
0378-9124,FENTANYL,iH6BJTae,195882,0093-4067
66467-3760,Darby,mfzp5QUK7,880132,36800-030
0615-2305,Omeprazole,xQPTePNMyIq,899298,68382-341
51850-002,LivTac,opImeBC,648876,68001-105
42637-819,Throat and Chest Berry Menthol,IkTbbig06,51521,55910-096
51672-4141,Levetiracetam,x36G3tqu3KyW,140874,24338-856
55154-3878,VESIcare,Rv6hUu,347164,0363-0236
59535-4201,V SHAPING AMPOULE,lH4bjiY,193869,11822-0637
0527-1397,Loxapine,aLCObTvl,756006,46708-210
0003-5195,PRAVACHOL,8JznVqM,997888,42254-159
64980-177,Chloroquine Phosphate,lCwt7j,96757,49288-0862
55154-6827,Clindamycin Hydrochloride,BUvj2HD6Ge,983703,62584-612
68084-783,Gabapentin,awShaUfHW3g,17563,53499-5149
55154-1498,Furosemide,6B1UpJ,326122,54458-921
33261-004,Alprazolam,eN7Md9ceCy,540762,61077-001
63824-741,Cepacol,fxPSKlHSqO,123856,55154-8286
36987-2453,Red Alder,ecME9Ux29,911073,50730-3003
61010-3111,Antimicrobial,uwofLb,217467,52125-801
49981-009,Pier 1 Imports Lily Flower Anti-bacterial Hand Wash,icwYFP,257851,59667-0072
13537-286,ESIKA Extreme Moisturizing SPF 16,BTk0ahTUh6f,752294,76237-147
55289-409,Zoloft,NORIELk9mb,948760,50436-3959
43406-0050,Varico HP,hemRXVYC,704891,68472-132
52584-775,Infant Dextrose,9XI8m0oT,490682,0270-1317
17089-231,GUNA-FEM,mLOqTYe5iQ,497232,0378-0182
52584-044,ATROPINE SULFATE,B8UUipGuv,673330,55289-909
51147-5010,Becca,h0HBYk,964561,16571-011
58118-0906,Quetiapine fumarate,6JO75P,793856,21695-174
63941-018,Tussin DM,VYhzYQ6Bp,947160,63240-5000
64205-127,Meloxicam,xcPadkB6P,806604,54092-515
49288-0154,Cotton Linters,6vWZD0M,933872,42851-154
33261-034,Diazepam,TAECw6d1a,940821,64942-1341
55154-5471,Terazosin Hydrochloride Anhydrous,qn5agd5,805376,61722-006
0378-5113,Hydralazine Hydrochloride,uXIsZWZ,938331,63629-3233
0591-3576,Morphine Sulfate,XwxVMu6,532880,25021-141
0093-8232,Irbesartan and Hydrochlorothiazide,lpHtODL,59738,35356-586
54868-5323,Diovan HCT,E49gTWmR,397002,62750-006
48951-7093,Onopordon comp. mite,zZhjBqkUgf,959555,54575-414
11673-913,up and up childrens cold and cough relief,ZkS6hx,377141,0378-4510
52125-239,mupirocin,UvabWuDZoMe,990670,10424-161
60505-0833,Azelastine Hydrochloride,eqFMSEE2Tof,246645,65912-110
49035-737,Equate Miconazole 1,BGhd6lQh02Rd,905871,11673-836
48951-9028,Triticum 3,vdV1q7GeA,92605,49781-067
49230-200,DELFLEX,Wbtbou,608337,63629-1386
36800-428,topcare gas relief,PORlIjg7N,870846,37808-141
10742-8126,WellPatch Capsaicin Pain Relief,U2SEslNT3rg,411932,60505-3992
68599-0204,THERA Moisturizing Body Shield,938ppN9Y,922554,36987-1761
17312-019,Irritable Bowel Syndrome Therapy,CDxrvjsy,251349,54569-0389
40046-0066,MATCHMASTER SPF 15 FOUNDATION BROAD SPECTRUM,Wry45cC9,155653,64724-1016
59779-720,ANTIBACTERIAL HSOAP,uzkKOX3vdb7Z,738507,52389-241
64009-331,Lite nFoamy Lemon Blossom Hand Sanitizer,SaSXl7,408673,55312-463
60760-226,ENALAPRIL MALEATE,AwM0V4vObO,895736,15828-871
0904-6013,Mucus Relief DM,OxVU9f2RPmqK,717146,68084-045
57520-0007,Bio Iodine,gPrjwl,416514,43857-0031
54569-5233,Phendimetrazine Tartrate,9Z8eo5Ywx,388182,0031-8734
0093-5415,Fluconazole,VptAJp,310653,54868-6010
54162-926,Benz O Sthetic,K0x0JRJp,26502,55154-6812
57344-004,Acetaminophen,HCWzX8wF,698160,57237-035
68745-2020,LES BEIGES,jeNv5ocS,666971,68788-9022
0115-7037,METHITEST,8xIWPco3FYzC,719336,21839-101
65162-351,Sildenafil,YYgl0sdt,695720,35356-747
43419-381,IOPE AIR CUSHION XP,LRvjLvSom,610266,51672-4060
69038-002,BURBERRY FRESH GLOW B.B. LUMINOUS SKIN PERFECTING BEAUTY BALM SUNSCREEN BROAD SPECTRUM SPF 20 MEDIUM 02,93duE6OJjFH8,8592,0597-0086
