name,nit,adminName
Skipstorm,52959-074,Kerry Hallibone
Zoomzone,62447-0010,Corrie Sexton
Wikibox,60512-2001,Hunfredo Iles
Podcat,64024-100,Sigrid Poland
Topicstorm,58668-2831,North McIndoe
Kwideo,0009-0286,Aubrey Bunclark
Wikibox,16571-150,Florentia Huske
Aibox,0591-3271,Flint Gabby
Twimm,10356-326,Germaine Kuhne
Quatz,10345-031,Georgeta MacScherie
Linkbuzz,37000-248,Winifred Aikin
Zoomzone,50436-7286,Michele Jadczak
Devify,52584-004,Janey Monshall
Topicshots,49288-0605,Celene Venton
Katz,0095-0086,Phip Bleything
Mybuzz,50438-101,Maury Martinot
Kazio,49035-923,Minnie Roizn
Brightbean,35356-226,Aveline Chittem
Zoovu,41250-975,Bertrand Hargie
Lazz,0517-2602,Jolie Flury
Skimia,48417-780,Malinde Hosten
Abatz,0378-7101,Dane McCready
Quatz,10237-901,Emmett Gladding
Tazzy,54868-5208,Corinne Fruin
Quinu,0409-7332,Krishna Honnicott
Gabtune,61328-005,Diahann Waghorne
Zoomlounge,16590-774,Josefa Breeds
Fivespan,63824-253,Linea Kinningley
Fivechat,41163-369,Gris Davinet
Skyndu,48951-9122,Belita Shipton
Dynazzy,54868-6342,Britni Beare
Meemm,55154-7461,Cad Prene
Skilith,64578-0071,Tabatha Challen
Teklist,66213-423,Frederique Studeart
Kazu,51393-7577,Reinald Catterell
Yodo,54868-6173,Hal Ca
Photobug,50436-6733,Uriel Garralts
Brainbox,49348-082,Law Walaron
Divape,43419-326,Louie Tyne
Linktype,0093-2929,Rob Pyffe
Yacero,43269-612,Allie Hambridge
Blogtag,66621-1005,Nicoli Holme
Topicware,51079-685,Gilemette Tullis
Bluejam,0268-1066,Leigh Ferriby
Rooxo,24236-995,Lilia Lebel
Meevee,47202-1143,Kellie Grimsley
Brainbox,76439-210,Vito Sage
Fanoodle,33261-111,Shirl Mowling
Thoughtbeat,48951-1043,Quint Charker
Wikivu,57520-0411,Nikos Ewells
Gigazoom,23155-118,Blinny Jenny
Demimbu,0409-7332,Mirabella Kleehuhler
Tagfeed,21695-161,Jamill Keveren
Edgeclub,64543-044,Elysha Labbey
Mydeo,52125-505,Cortney Howton
Voolith,62175-890,Bobby Roote
Quaxo,37808-168,Sadella Roscher
Tazz,68210-1500,Gaylene Cristobal
Photojam,15127-228,Damaris Furber
Thoughtworks,55154-2728,Zuzana Petherick
Bluezoom,76349-002,Gisele Rawdales
Topiclounge,0409-7982,Aidan Cosyns
BlogXS,36800-959,Jim Aslett
Tagfeed,66608-515,Woodie Durram
Gigashots,66116-417,Coretta Easeman
Jabberstorm,36987-2286,Ortensia Pettingall
Demivee,63304-621,Matthieu Syratt
Feedbug,52083-645,Rik Tythacott
Edgeify,52686-297,Barbabra Jorge
Zoombeat,54868-6254,Constanta Feckey
Tagcat,62011-0040,Casey Pittel
Kare,63868-047,Reynard Beane
Mycat,64380-734,Lew Wulfinger
Chatterpoint,48951-8163,Justine Rebert
Meetz,51079-247,Jaquenetta Chatband
Aivee,11559-040,Ora Siley
Aivee,75997-021,Edlin Fitkin
Cogibox,49035-038,Gerda Bryant
Youbridge,67544-627,Garfield Dunnet
Feedfish,64942-1119,Wynny Akehurst
Kazu,68828-106,Hayes Cluely
Jazzy,52000-000,Jacquenette Vaines
Skippad,51672-4034,Erminia Northley
Rhynyx,59779-407,Sollie Scoles
Midel,52083-632,Bond Cossem
Dynava,36987-1788,Doralynn Itskovitz
Wikibox,37808-424,Garrott Lowe
Rhyloo,50436-3918,Cathyleen Rabbage
Photospace,0009-0047,Phillip Fortnon
Meedoo,54575-217,Solomon Baglow
Tagtune,63629-3685,Keane Jovanovic
Gabcube,67296-0140,Hendrick Rawdall
Zoovu,37012-588,Mirella Garton
Yombu,63181-0012,Papageno Dennett
Thoughtstorm,49884-821,Flossy McKoy
Bubbletube,21130-311,Neall Tremeer
Edgepulse,63187-102,Kelwin Soaper
Brightbean,36987-1957,Barbette Gladman
Wordware,41250-326,Jerri Marxsen
Eare,61919-177,Lauri McKelvey
Dablist,37000-714,Reena Lutwidge
Skalith,54776-002,Humphrey Goodbanne
Thoughtbridge,67457-493,Lynne Twamley
Vipe,64009-360,Marybelle Largen
Demivee,55154-9557,Westley Frankes
Divape,68084-672,Darren Welsby
Vinder,0781-5076,Kerry Crouse
Teklist,67938-0834,Elle Dwelley
Quatz,36987-1340,Charlotta Paddemore
Browsedrive,55700-017,Helaina Tremblett
Skinte,76420-765,Kaela McJerrow
Skyble,52584-540,Ernestine Peres
Devpulse,23155-049,Marcos Sherlock
Realcube,55154-4796,Eberto Skellern
Devpoint,76331-908,Francene Drinan
Flashset,37205-607,Corinne Cure
Meevee,54868-6019,Franky Grieswood
Vipe,40085-215,Nicoline Trewett
Jayo,13668-134,Jeanette Warbey
Linklinks,33261-480,Lurlene Grunder
Oyondu,36987-1956,Justis Ewols
Twimbo,51079-766,Melita Shardlow
Centidel,68428-115,Page Lumm
Lajo,62011-0227,Osbert Gorvin
Voolia,53113-215,Shaughn Litt
Eare,55111-399,Abie Hugett
Dabfeed,50458-584,Sibbie O'Lahy
Topicblab,60724-101,Tatiana Janczyk
Myworks,59762-1537,Paddie Escudier
Browsezoom,62362-139,Charisse Clewer
Oyoloo,10812-872,Henrie Picot
Skipfire,55741-304,Calida Wright
Flashspan,64679-735,Matthieu Bricham
Vinte,65862-537,Yvonne Emblow
Babbleopia,37205-034,Pepi Girvan
BlogXS,55670-130,Gabriel Audritt
Npath,25021-778,Manolo Dakin
Rooxo,67046-461,Cyndi Miranda
Brainlounge,36987-1531,Pris Harkin
Wordtune,0703-0045,Muriel East
Gabtype,68788-9207,Cornelius Rollitt
Browseblab,41163-872,Marna McGlashan
Tagtune,51079-514,Maude Maund
Rhynoodle,59746-125,Jonathon Klimuk
Blogspan,54340-771,Cornelia Adcocks
Pixope,37012-479,Ethan Di Baudi
Jetwire,75997-011,Kellyann Doddrell
Skynoodle,0143-9768,Horst Normand
Bubblebox,57337-014,Helena Darleston
Flipbug,61957-0701,Tobie Maiklem
Zooxo,64778-1232,Jillian Bootton
Tagopia,67544-581,Lucienne Peyton
Gabtune,52959-731,Maureen Duferie
Izio,49502-501,Doralynne Daveran
Abatz,36987-3005,Christy Learman
Buzzster,55319-109,Tris Ceschelli
Brainlounge,53329-157,Duky Larrad
Yodel,16864-012,Petunia MacEllen
Pixoboo,66993-534,Isa Eva
Oyoloo,10191-2034,Nichol Kenney
Thoughtblab,70253-480,Janna Hasney
Flashspan,57520-0695,Sandra Cabrera
Youopia,16590-580,Fifi Ciccone
Kwideo,52343-003,Flossi Blandford
Oyoyo,36987-2542,Sorcha Lempenny
Mydeo,0363-0566,Darrelle Blakey
Trunyx,46122-140,Mavis Bridie
Chatterbridge,43269-841,Ursulina Creek
Skipfire,61657-0961,Aila Trunkfield
Snaptags,36987-1807,Tiphany Chatterton
Feedspan,57337-021,Fran Mattingley
Yombu,50563-103,Amalee MacGibbon
Gigaclub,10056-300,Carmelina Samett
Jaxspan,37000-349,Aurelia Barsham
Bubblebox,11673-183,Gianna Warrior
Feedmix,68084-609,Colas Jopke
Katz,43538-900,Josephine Castagnier
Dablist,59535-5501,Robinet Coughlan
Flipstorm,16590-207,Katrinka Eddicott
Buzzbean,55045-1173,Mathew Keilty
Eayo,68308-223,Thorsten Banger
Ailane,54868-5411,Noni Marlowe
Omba,49348-543,Junette Mabe
Rhyloo,13537-326,Shaylah Breed
Roombo,54973-3146,Vanya Phorsby
Plajo,49349-440,Betsy Scaysbrook
Digitube,55154-3193,Deeyn Bohje
Gigazoom,54868-1425,Mortie Fellgate
Skalith,35356-755,Philly Berth
Twitterlist,66472-033,Eran Greve
Flipopia,52755-400,Fern Kruszelnicki
Avavee,50436-3099,Corrianne Gumley
Centizu,21695-868,Lenette Kingh
Twitterworks,54868-5424,Caspar Kleinerman
Meedoo,64141-008,Whitney Garritley
Layo,49349-827,Harper Goodricke
Realcube,58232-0501,Bab Amiable
Realbridge,55111-341,Sofie Spering
Vitz,49349-763,Monte Eades
Avavee,63629-3563,Brien Gradly
Fliptune,75878-001,Howie Valentim
Fiveclub,55154-4799,Con Jewster
Vipe,21695-078,Arlette Tunmore
Topiclounge,0006-0462,Gregg Shackleford
Realblab,0067-6171,Dalt McKinley
Mydo,55926-0014,Errol Yurevich
Bluezoom,76398-003,Danita Leghorn
Dynava,51079-957,Kit Bullin
Topiclounge,63029-202,Evelyn Stubbings
Podcat,68788-9516,Des Minall
Demimbu,0179-0102,Brose Thatcher
Mynte,63539-242,Ransell Duffit
Eire,53270-3120,Jania Pendrid
Yacero,55111-225,Park Wallach
Meejo,43857-0082,Cecil Roubert
Trilith,37012-726,Beckie Cayzer
Fivespan,51655-577,Dierdre Mattussevich
Leenti,54575-440,Ber MacRanald
Eimbee,52584-466,Victoir Mackerness
Wikido,58982-010,Phylis Paulsson
Abata,54569-3901,Raleigh Ricker
Ozu,0268-6696,Karney Solloway
Edgepulse,63739-366,Korry O'Dowling
Zoonoodle,0245-0036,Syd Matterson
Bluezoom,65044-3108,Lexine Cassedy
Thoughtblab,42291-620,Cirillo Wakley
Topicstorm,0264-3123,Herb Pond-Jones
Jetwire,21695-239,Raffarty Wolstencroft
Vinder,50563-300,Debor McKinn
Youspan,35356-781,Mora Feirn
Ainyx,54838-140,Huberto Hearsum
Aivee,44924-011,Bartram Breeze
Lazzy,21695-107,Garrard McCalister
Kazio,35356-681,Jacinta Garken
Buzzshare,51655-187,Zara Smallcomb
Quimba,63629-4748,Norene Heibl
Kwideo,54868-6341,Ned Brewse
Digitube,64980-172,Gifford Blazey
Meevee,0944-4351,Belvia Koppens
Trunyx,0642-0120,Shell Pinock
Devpoint,49999-045,Lani Jouannot
Tavu,76388-635,Creighton Schachter
Skiba,48951-1211,Renaldo Boncoeur
Gabtune,17772-103,Evan Riedel
Topicware,56062-090,Franklin Corse
Wikivu,64117-250,Jessica De Giorgi
Pixonyx,21695-219,Michail Rippingale
Thoughtstorm,55154-1276,Myrwyn Chetter
Lajo,76354-206,Arni MacGaughey
Tagpad,0268-0707,Dayle Trimming
Lazzy,0115-1121,Karna Kelshaw
Oyondu,65862-617,Moyra Richardon
Yodo,21695-930,Roobbie Girsch
Flipopia,0363-0335,Deanne Saleway
Wikibox,69097-148,Witty Sutherland
Mita,68151-2584,Hamnet Cotterill
Mycat,37205-693,Giustino Tuckerman
Yacero,63981-368,Elsbeth Krysztowczyk
Edgeify,42254-005,Abigail Risbrough
Yadel,66007-145,Shannon Battany
Dabshots,55910-305,Donny Bevans
Quatz,68084-597,Berta Rushsorth
Yakijo,52584-517,Jan Holtum
Flipbug,0603-3855,Urson Matthisson
Dabjam,68428-007,Carlie Frossell
Gabtune,64578-0108,Corrina Biernacki
Avavee,53808-0273,Lynda Sayer
Browsezoom,37205-134,Frances Adan
Fivespan,29033-003,Samson Notton
Divanoodle,68084-305,Doralin Delgado
Trunyx,57554-110,Merill Gleed
Tavu,65862-637,Clare Saur
Edgetag,55154-2082,Amii Baskerville
Youtags,59883-648,Eduino Slyman
Zooveo,43742-0405,Leonie Exell
Dynabox,0904-6409,Donnie Garmanson
Meedoo,24208-004,Sanson Pipworth
Buzzster,10370-160,Bondon Rosenkranc
Eire,50845-0032,Janie Van Vuuren
Lazz,57520-0777,Florenza Mullard
Kimia,55312-751,Elana Bryns
Yombu,63629-4017,Dulcia Basnett
Realcube,65044-2855,Paton Dudliston
Shufflester,41250-619,Jules Limprecht
Devify,50114-1220,Abbi Thacker
Kayveo,0093-0051,Elinor Lanktree
Blogpad,46122-017,Doralia Tocque
Topdrive,0093-3107,Francklyn Cartner
Eidel,76049-556,Irvine Langrick
Skilith,68745-1093,Basile McLaverty
Teklist,0781-3113,Darill Gallichiccio
Gabtype,10337-804,Felipa Gaukrodge
Cogilith,0093-8232,Raine Blumire
Skynoodle,65841-648,Fanchon Godsell
Twinte,68428-125,Carolus Ciotti
Skiba,41163-157,Koo Blanchet
Buzzster,59640-155,Flossie Mallison
Izio,60512-8020,Bordy St Angel
Fliptune,11673-734,Clarette Colquyte
Tazzy,43526-100,Kori Nicolson
Realbridge,54973-6436,Alicea Wyldbore
Abatz,42291-274,Donn Jumeau
Centizu,61601-1217,Timmie Elston
Skyndu,0615-3589,Tommie Saltsberg
Oyonder,54868-4577,Ferris Tsar
Thoughtsphere,43063-451,Heinrik Ferrandez
Vinte,61589-1913,Meta Hattiff
Wordify,0268-1453,Emerson Fullerlove
Centimia,25280-005,Mariam Aldrich
Oyope,64117-221,Jeana Backhurst
Riffwire,68180-124,Kayley Risely
Feedmix,65044-9993,Clark Gorrissen
Voolith,41163-289,Erina Skilton
Twitterwire,16714-561,Claudette Shirer
Realcube,36987-2334,Andrej Cutmare
Skippad,49348-855,Lammond Methringham
Vidoo,21130-571,Broddy Franceschino
Buzzster,49348-426,Burk Blenkhorn
Yozio,68462-531,Iormina Neasham
Tagcat,41163-946,Somerset Ide
Agimba,64092-141,Hugibert Sedgmond
Photojam,49967-084,Lynsey Franzoli
Feedfire,36987-1678,Ebonee Pannett
Lazzy,53852-0007,Eveleen Bloxsum
Divape,0025-1520,Doralynn Peters
Quimm,61543-7785,Olwen Pina
Blogtags,68703-087,Myrtie Boler
Agimba,57469-027,Phoebe Tesoe
Jaloo,47593-443,Blondell Muzzall
Thoughtstorm,49643-318,Hilly Paal
Katz,13668-029,Micheil Lamburn
LiveZ,76119-1447,Henri Habron
Dabjam,68016-440,Murielle MacCorley
Dynabox,54365-400,Juliana Sharratt
Oodoo,0574-0014,Maurie Brehault
Edgeblab,60429-024,Raine Sheirlaw
Yoveo,64058-245,Hortense Juniper
Quatz,0052-0107,Lindsey Thiem
Avaveo,59086-085,Ichabod Nanni
Kamba,68428-020,Lorrie Kordas
Demimbu,55038-555,Percival Downie
Skinder,52959-824,Jennie Soldan
Feedmix,50181-0038,Belva Bavridge
Voomm,54473-251,Sindee Hargroves
Yata,54973-2900,Freddy Conisbee
Wikido,57691-112,Cesya Buddock
Aimbo,43063-145,Grete Nitti
Topdrive,36987-1781,Cosmo Pace
Meevee,49288-0102,Eward Iddenden
Rhyloo,13537-426,Tamar Gladding
BlogXS,0179-1471,Jorey Larrington
Blogpad,63824-234,Neville Lambot
Roodel,64942-1278,Borg Aslott
Oyoyo,68151-3858,Egon Floris
Mita,11822-3420,Yvor Boosey
Tagopia,0603-4485,Dorthea Harnett
Gabcube,63187-081,Isidora Lammiman
Bubbletube,30142-244,Phaedra Fattore
Realcube,31722-279,Denny Dovydenas
Avamm,55648-976,Michelle Kibard
Aivee,36987-1915,Micheline Beinisch
Trudoo,0378-4515,Ado Elcocks
Topiclounge,0904-1982,Dylan Etock
Photobug,48951-1150,Gerard Bode
Wikido,0536-3990,Maggie Cicconettii
Livetube,59240-001,Christean McIlrath
Kamba,0363-4360,Vally Baline
Gabtune,30142-567,Coriss Fallawe
Twimbo,10515-142,Paulina Keiley
Feedfire,64760-229,Kacey Dunridge
Wordtune,49999-113,Lindsay Featenby
Edgewire,11673-912,Jemmy Scorah
BlogXS,0026-3795,Gael Guierre
Tagfeed,53489-281,Kariotta Reeder
Skalith,54162-006,Upton Beyer
Blogtags,36800-072,Sayres Geerling
Kwimbee,15478-005,Arther Kennerley
Skaboo,0078-0366,Daisi Geany
Livefish,13537-556,Amos Antonowicz
Meevee,53808-0678,Hayden Bysh
Meevee,49288-0917,Greggory Sprull
Twitterbridge,40085-842,Bibi Phillips
Twitterworks,15127-945,Care Eric
Yodo,54973-2918,Lydia Tebbs
Riffpedia,43269-676,Margeaux Manicom
Voonder,50300-010,Jolie Witnall
JumpXS,0615-5530,Onfroi Standeven
Gabspot,36987-2319,Johannes Cucinotta
Rhycero,58668-2821,Enrichetta Thomson
Skinte,15127-178,Rosalyn Scroggie
Dynabox,44523-338,Carolyne Dalligan
Kare,55806-021,Othelia Cregan
Feednation,61734-204,Rosanna Gulk
Skaboo,62037-700,Tammie Kerbler
Fadeo,0407-1413,Giuditta Hrihorovich
Babbleblab,51811-374,Katti Kreuzer
Jabbersphere,52862-310,Rebeca Parlet
Kamba,49580-3412,Nadine Leworthy
Livefish,12634-144,Jessi Imort
Muxo,76176-003,Estrellita Lefort
Feedfire,36800-476,Antony Stanistreet
Photobug,0574-2008,Janeen Figgess
Youbridge,56062-701,Alyce de Quincey
Realfire,0009-0090,Deane Maclaine
Mudo,0085-3320,Adlai Yacob
Bluejam,50458-561,Sibel Merioth
Skimia,0781-6157,Bea Firebrace
Zoomzone,0268-1013,Hamlin Hasard
Quire,51672-2069,Delia Dalgarnowch
Dabfeed,55316-296,Lynelle Pink
Kwimbee,0268-6687,Marlee McCulloch
Meejo,0527-1699,Cristal Whitelaw
Feednation,67979-001,Cathi Legister
Edgeify,59762-0009,Kania Vonasek
Jaxbean,68703-007,Roderich Gendrich
Mymm,37000-701,Quill Hearnaman
Photofeed,59212-659,Huntley Jurasek
Layo,55891-002,Nick Scrivener
Flashset,52685-338,Abbott McQuorkel
Pixonyx,61715-027,Sascha Snoxall
Blogpad,69020-204,Rosemarie Boothe
Skippad,63323-735,Rriocard Candelin
Jaxspan,60429-225,Andi Godleman
Camido,50988-172,Diego Feak
Riffpedia,64942-1216,Ric Pennrington
Ntags,37205-763,Chas Rymer
Centidel,36987-1152,Roma Caustic
Skipfire,41167-0084,Hamid Kissick
Brightdog,58118-1053,Mata Driutti
Riffpath,23155-340,Koren Stut
Skiptube,52125-856,Beth Verbruggen
Realcube,0378-5503,Yulma Fasset
Oyonder,59779-701,Celka Maffezzoli
Skidoo,0781-5949,Johnette Hark
Dabfeed,62559-159,Binni Ghost
Yambee,35418-310,Stafford Borborough
Fanoodle,53329-680,Billy Kluge
Eadel,47335-343,Massimiliano Leftbridge
Topicware,0781-3285,Elset Cumo
Gabtune,63629-3367,Langston Vowell
Livetube,58518-020,Mureil Whittick
Jabberstorm,68180-115,Tatiana Agass
Trilia,0093-5710,Pippy Childerhouse
Thoughtbridge,65785-166,Mufi Lesly
Thoughtstorm,63629-5078,Birch Mc Meekin
Skimia,24385-155,Raddie Stiller
Geba,21130-660,Basile Skowcraft
Roodel,66993-904,Aloysia Luckham
Avavee,68645-190,Dwain Sawood
Yadel,36987-3377,Evonne Skirvin
Twitternation,0904-5990,Shandra Kensington
Yakidoo,61727-325,Linnie Sampey
Midel,24236-608,Trever Fidian
Quinu,55154-3624,Pat Tregian
Skilith,55316-161,Gerrilee Gobel
Photobean,64117-991,Lyndsay McGruar
Camimbo,33261-471,Mendel Wearn
Leexo,67345-0509,Jany Kowalski
Trupe,11822-0250,Borden Walkinshaw
Youspan,52125-514,Amabelle Peterkin
Photospace,49288-0850,Job Iacobacci
Ailane,49349-869,Jordana Mattingson
Pixonyx,59225-0001,Alon Ccomini
Eabox,61010-7100,Nelson Lescop
Thoughtbridge,0280-1197,Llewellyn Loidl
Fatz,55648-929,Nertie Waplington
Jabbertype,55316-690,Aidan Bumpas
Twitternation,51060-049,Krista Shimmin
Gigaclub,54458-921,Wynnie Dysart
Yoveo,60429-318,Pat Joules
Mudo,13537-560,Lian Llewhellin
Dynabox,55154-2351,Hermine Bertenshaw
Bluezoom,33342-074,Hildegarde Blune
Abata,53217-005,Stearn Brigman
Agivu,36800-198,Maris Denyagin
Livefish,63264-101,Lynnelle Cloney
Innojam,60289-247,Jedidiah Whellams
Kwimbee,66336-363,Anabel Aspden
Feedfire,55316-699,Darcee Danielou
Leexo,55154-6918,Caitlin Izzatt
Lazz,0486-1134,Frank Harrill
Topiclounge,60505-3252,Gardener McEwen
Fadeo,0555-1021,Marena O'Teague
Jetpulse,31722-376,Jayme Meiklam
Skimia,37808-405,Harlen Lothean
Muxo,55714-4485,Rickert Scargle
Talane,59078-005,Stanleigh Roantree
Izio,42291-381,Engracia Belbin
Rhycero,0268-0110,Selie Gonzales
Snaptags,0363-0157,Jemie Treacher
Jetpulse,66908-107,Franny Littledyke
Devify,10967-590,Forester Allsobrook
Yata,0002-7640,Aksel Daddow
Zoomlounge,49571-003,Blane Elcott
Meeveo,49967-759,Vidovik Birdwhistle
Rhynoodle,41163-036,Tan Tabor
Realblab,54575-284,Orelie Fatscher
Bubblemix,67147-585,Carlita Kilbourne
Photospace,0472-0803,Augustine Snyder
Yombu,43547-267,Dianna Darlison
Skipstorm,43074-207,Shea Tash
Abatz,10096-0320,Kathe Newbury
Photobug,0186-0008,Darryl Syne
Dabjam,57627-155,Kevin Ponnsett
Yotz,60505-2584,Dody Mcwhinnie
Janyx,0597-0113,Meade Hirschmann
Yodoo,55154-5976,Delila Stanlike
Geba,75921-130,Minerva Carlet
Roomm,50030-001,Peria Compson
Skalith,10237-828,Joyous Cescon
Latz,57664-509,Agnola Bollam
Youspan,0884-0773,Elliott Rickarsey
Brainbox,11727-007,Isadore Gaddesby
Skipfire,76420-493,Vincent Jirak
Kamba,65055-601,Sheree Pavluk
Skyvu,67938-0906,Erasmus Oherlihy
Realbuzz,64942-0894,Ag Sturney
Youtags,58232-0317,Fonsie Von Gladbach
Mymm,57520-0582,Uriah Garley
Gevee,63629-4017,Jayne Lapham
Dynabox,51824-015,Esme Skeel
Edgeblab,13537-368,Kelli Tynewell
Avavee,68703-080,Gretchen Cradick
Skinix,0703-3985,Chicky Darridon
Oloo,35356-816,Pat Casse
Thoughtblab,60505-7004,Stevena Janisson
Lazzy,76204-003,Antonius Dressel
Demivee,63824-474,Flory Leftley
Quaxo,60432-065,Wilow McBrier
Babbleblab,36987-1058,Ram Gowdy
Oloo,65162-415,Taffy Tritton
Mydo,35000-027,Maryanna Ferencz
Brainsphere,65044-2624,Wright Trangmar
Skyba,43455-0018,Ellis Killen
Feedfire,37205-112,Casey Paviour
Yoveo,0143-9681,Drusi Hazleton
Yombu,44517-001,Norrie Gingedale
Dynazzy,49999-701,Gertrud Gleed
Quamba,69133-010,Elvina Poulett
Kwinu,65162-101,Bennett Duding
Thoughtmix,63629-1526,Trevar Owbrick
Centimia,59450-034,Nellie Dawton
Yadel,53808-0250,Gene Osban
Jetpulse,59779-620,Stormy Dawson
Skivee,59970-075,Jonathan Children
Blognation,13668-036,Sherry Illem
Dabshots,15751-2259,Putnem Farrears
Skidoo,52584-401,Korrie McGarrell
Feedfire,52584-713,Konstance Bonnick
Zooxo,59762-5008,Gavan Moran
Roombo,52125-460,Ginni Rozanski
Ailane,30698-449,Vanya Eliasen
Zoovu,11673-130,Sayre Batterson
Devify,63941-520,Hermia Paeckmeyer
Edgeblab,63868-969,Erik Coldbathe
Skipstorm,63824-285,Desi Ridhole
Innotype,10572-302,Ivett Donat
Oloo,0904-5666,Barton Brosius
Chatterbridge,68084-586,Felisha Jeannequin
Miboo,49288-0218,Vanny Lever
Oyoloo,59898-160,Agnella Witnall
Rhycero,63354-322,Kacie Rustadge
Oba,55111-167,Carson Woodrooffe
Riffwire,0264-9594,Herrick Gianetti
Zoonoodle,33261-107,Arlyne Sapauton
Brightdog,59779-482,Lonee Emmens
Edgeclub,0409-7794,Whitman Pallesen
Ozu,63629-4413,Bernie Ensor
Linkbuzz,35356-053,Hilton Cohan
Jaxspan,67457-430,Con MacCostigan
Kwimbee,53808-0353,Inger Frickey
Digitube,63629-3347,Devina Rosa
Rhybox,59779-332,Jeremiah Akester
Oozz,13537-173,Leopold Brugemann
Twitterlist,0067-6066,Mac Brugemann
Bubblemix,55154-0911,Shelley Ragate
Izio,53329-065,Clifford Dellenbach
Ooba,58468-0357,Terri Cestard
Flashspan,52261-0206,Demott Grelik
Voonyx,62756-915,Frankie Gandy
Shuffletag,11410-044,Remy Kibbe
Dabtype,58194-001,Lucine Kunzel
Mudo,46581-730,Antoine Joskovitch
Oyoyo,54092-191,Josee Baroux
Youspan,0113-2442,Lucina Yven
Livefish,52533-104,Estella Christin
Wordtune,0078-0249,Gary McCaffrey
Yotz,0781-1683,Maura Farney
Yodel,64471-185,Raeann Granleese
Rhynoodle,0113-0340,Dolorita Iannello
Skyvu,53208-442,Wynnie Granville
Tagfeed,11410-309,Chandra Wendover
Blognation,75854-301,Levey Slocombe
Photobug,35418-402,Nikaniki Butteris
Dazzlesphere,49702-205,Etan Fernie
Flashspan,49288-0668,Marina O'Kenny
Bluezoom,59779-458,Conant Tremathack
Oyonder,66715-9712,Chiarra Schoolfield
Browsebug,0093-0670,Danyelle Slack
Feedfish,42023-139,Carter Adamsson
Oodoo,36987-1561,Natala Fison
Yodoo,65044-1787,Goddard Warret
Jaloo,58468-0132,Theda Bourner
Realbuzz,52810-205,Ervin Seivertsen
Bubbletube,69154-080,Justino Billings
Quatz,39892-0301,Jake De Angelo
Twinder,15054-0090,Freedman Waldron
Topiczoom,63181-0019,Duffy Croster
Browsetype,51769-125,Leonanie Tatnell
Katz,36800-030,Fionna Buzza
Quimm,0603-5769,Gretal Carney
Rhynoodle,54458-936,Antoinette Bettesworth
Podcat,55316-227,Raphaela Leeves
Skyndu,0268-1284,Conroy Trubshaw
Tagtune,58980-410,Farrel Gorch
Skyvu,68788-9956,Kylen Pacheco
Realmix,36987-2416,Catherina Stafford
Shufflester,76420-527,Phyllida Robertacci
Flipbug,0363-0404,Tedda Olrenshaw
Avavee,52125-710,Jed Giddings
Lazz,64764-677,Osmund Linke
Blogtag,61919-867,Niall Vosper
Katz,0378-3412,Beatriz Thornborrow
Chatterbridge,66129-540,Gabriela Arrol
Meejo,65903-295,Tierney Wickling
Skiptube,44567-710,Norah Marguerite
Realpoint,11822-1406,Carilyn Casazza
Jabbersphere,0378-0302,Aubree Overy
Photobug,0536-2525,Silvie Leckie
Cogidoo,63304-154,Reagan Spini
Mybuzz,63539-122,Padriac Risebarer
Brainlounge,65841-057,Ira Collocott
Trudoo,47335-002,Brinna Lammert
Oyondu,11118-1104,Dougy Joscelin
Innotype,42537-024,Jermain Jury
Blogtag,60512-6568,La verne Danilovitch
Yakijo,36987-2525,Emma Teather
Nlounge,63941-690,Flor Dowty
Skyvu,55621-007,Mair Gallard
Leexo,41190-203,Katherina Joannic
Blognation,63539-014,Blondy Osbaldstone
Flipopia,61957-1044,Gusty Records
Tagtune,61767-406,Celeste McArtan
Ainyx,51531-4162,Papagena Yes
Devpoint,0615-6582,Carree Brigdale
DabZ,52125-709,Byram Heiton
Tagcat,54569-2861,Goldina De Brett
Brainverse,68151-2022,Adrea Dolman
Plajo,49371-017,Dyana Iacovo
Jamia,0093-5771,Dru Bartalucci
Voonte,58411-121,Gwenni Zotto
Realmix,0093-8164,Barron Faivre
Fadeo,57664-358,Clyde Askie
Zazio,24571-102,Evey Monson
Buzzshare,0268-0651,Gwenore Gambles
Blogtag,24236-628,Peri Gladbach
Riffpath,36987-3020,Remus Lattey
Voonyx,21695-072,Rafi Goodchild
Edgetag,55289-872,Kort Bouda
Ainyx,0573-0151,Jeffry Dabling
Edgeblab,0363-0602,Devlen Monkeman
Fliptune,53603-2012,Griffie Canham
Mudo,60505-0117,Mart Tottle
Agivu,60505-7007,Gabriel Rowes
Mydo,55910-430,Woodrow Weyland
Rhybox,50980-056,Hodge Klambt
Dablist,59762-0220,Roy Pether
Blogpad,50996-001,Anne Twinbrow
Aimbo,68428-027,Lexie Seakes
Ailane,0264-2301,Pansie Neville
Zoozzy,58668-1971,Andras Vittel
Bubblebox,55111-147,Lezley Gasnell
Blogspan,0409-4187,Suzanna O'Mailey
Lazz,37000-315,Emmerich Downie
Browseblab,13537-270,Faythe Reade
Yamia,58962-003,Petronilla Callaby
Tavu,0135-0070,Delia Millthorpe
Devcast,68258-7089,Dwight Rainsden
Topiclounge,0268-0968,Monro Shrimplin
Zooxo,11822-0291,Ragnar Harcus
Wordware,48951-4022,Asia Mackleden
Babbleset,66336-185,Henry Buckeridge
Skidoo,67046-644,Jolene Bissatt
Realbuzz,51346-056,Hayley Zorzetti
Meetz,57520-0032,Tom Dowsing
Zoonoodle,57520-0523,Jesse Tack
Avaveo,0093-4235,Ester Bothe
Linklinks,66116-507,Washington Plaide
Gigashots,12634-698,Terza Senecaux
Oloo,50436-6660,Rasla Purselow
Skalith,49873-401,Rube Schoales
Yambee,55648-735,Tedda Kabos
Fivechat,53305-075,Meier Varnam
Flipopia,65862-156,Aldric Jeanequin
Bluejam,31645-176,Harwilll Imorts
Shufflebeat,43063-519,Hagan Goodwin
Topicblab,61010-1112,Torie Maskrey
Wikibox,49738-010,Evy Culbert
Gigazoom,0024-5831,Austen Ricciardi
Realbridge,47219-252,Katerina Agott
Buzzbean,49349-623,Madge Conboy
Kaymbo,61722-006,Courtnay Drable
Eidel,60429-555,Kippie Paddle
Voomm,52533-160,Chad Boshard
Wikizz,20276-152,Astrid Gallone
Fatz,50436-6103,Ranice Kern
Yakijo,54868-5005,Ronda Canet
Roomm,24330-210,Laurice Doerffer
Quaxo,58232-0754,Carilyn Whiting
Jazzy,36987-1010,Graham Weatherdon
Skaboo,55154-0455,Hilton Moro
Roombo,61477-201,Tybi Roan
Eamia,49643-349,Tulley Righy
Skibox,0006-0577,Bidget Leven
Quamba,0944-2620,Francesco McEnteggart
Eazzy,16714-652,Ikey Adin
Wikivu,49348-970,Margaretha Uff
Rooxo,24330-411,Kylie Lodo
Skyndu,76214-014,Mitchel Biscomb
Zazio,52686-280,Eleen Maundrell
Topicstorm,42254-118,Lombard Boyles
Meevee,59779-726,Alleen Campanelli
Oyonder,55154-5552,Britney Barnwell
Quatz,69031-001,Krissy Wadly
Fanoodle,0009-0085,Jacky Billingsley
Livetube,13734-133,Alana Hawket
Zoovu,0536-3604,Theresita Latehouse
Midel,67544-725,Jarred Barnewall
Brightbean,50227-1080,Sullivan Jeaneau
Kazio,51346-195,Karilynn Jeaycock
Oyoloo,54575-935,Skell De Carteret
Dynabox,36987-2434,Shurlock Mitchelmore
Youopia,57955-1500,Ulick Jaqueminet
Livetube,41163-618,Raimondo Dumini
Photospace,36987-2991,Pascal Whitewood
BlogXS,0378-5454,Brigid Maier
Feedbug,35356-835,Dani Rocca
Kimia,63629-2883,Titos Sargood
Fiveclub,13668-034,Pandora Gallamore
Wordpedia,47993-200,Filberte Rabjohn
Gabtype,64064-050,Onfre Baulk
Topicshots,62750-004,Carmon Kornousek
Katz,76485-1025,Pembroke Kelshaw
Brainsphere,0228-2348,Ula Curson
Avamba,0245-0086,Nico Hartzog
Jaxnation,46708-025,Fayre Renols
Rhyloo,49288-0133,Robinet McPartling
Blogpad,65293-374,Fraser Lipscomb
Centimia,43063-275,Clary Acreman
Realmix,0517-0310,Nyssa Mannering
Zazio,45014-159,Padgett Diemer
Zooveo,35356-833,Verena Ineson
Yotz,64269-9907,Buck Golton
Shuffledrive,66530-260,Davide Bausmann
Centizu,37205-283,Scott Lydster
Flashspan,0228-3262,Ardene Pregal
Bubblemix,35356-903,Briana Haug
Gigashots,0555-0159,Guillaume Chapple
Skiptube,13537-147,Charlton Shade
Yakitri,45802-318,Abbey Kohtler
Voomm,66336-085,Eleen Wheaton
Brainverse,62713-815,Katey Zanni
Skilith,0904-6190,Lucia Bladon
Leenti,65923-046,Georgianne Mylchreest
Dabjam,0409-4166,Tory Marples
Viva,24286-1526,Janelle Pickerell
Trunyx,12634-465,Dodie Monard
Skinder,0008-1222,Meris Grigoriscu
Npath,49967-031,Valencia Kabsch
Quinu,60505-0272,Carissa True
Vidoo,59088-816,Fletcher Kupper
Quamba,49288-0164,Shelley Rawlingson
Fanoodle,49963-532,Nichole Lafford
Dynabox,16590-636,Lacee Nuemann
Wikibox,0603-3162,Ealasaid Irnis
Omba,64193-424,Yolande Khomishin
Centizu,69097-151,Lian Floweth
Ntag,24208-555,Westley Matuska
Mymm,0008-0941,Arthur Grealish
Demizz,68382-266,Audrey Leedes
Skippad,51514-0236,Ursola Keeves
Browsebug,68788-9799,Fabe Strachan
Minyx,62185-0001,Mikel Bellam
Fliptune,0904-5200,Chalmers Auletta
Zoomdog,63629-3190,Jany McKerley
Skiptube,49288-0779,Nanette Mouser
Wikibox,33261-749,Wren Rowantree
Livefish,66975-103,Gerri Jobin
Wikibox,43742-0456,Katharine MacCart
Midel,35356-747,Gillie Reisenberg
Meemm,0904-5678,Caria Roussel
Ntag,47682-302,Claudell Douse
Yabox,52584-105,Tandy Herkess
Blogtag,54569-3693,Florida Tarburn
Dabfeed,54973-7510,Hyacinth Robez
Jatri,63824-351,Frank Fulger
Oloo,0054-0523,Dosi Dwane
Tazzy,48951-2090,Clim Lethbrig
Centidel,49884-028,Stormy Stango
Podcat,36800-052,Andrus Kamena
Oozz,55289-935,Malcolm Locock
Ailane,63629-4638,Brynna Wadwell
Bluejam,55289-826,Ardene Gatley
Skyble,52257-1004,Page Debling
Skyble,16714-293,Emily Gauson
Quinu,61589-5313,Carolann McAloren
Edgeblab,62670-4824,Aurilia Albrook
Twitterbeat,37205-751,Vince Winchurst
Cogidoo,58118-4728,Carri Amies
Mynte,59762-1410,Elna Speaks
Quinu,68788-0505,Burke Syversen
Twitterbeat,43742-0166,Rooney Pimblotte
Skiptube,37000-375,Caresa Quilty
Cogidoo,50563-152,Pearla Westmoreland
Agivu,49288-0302,Codie Farens
Mycat,60505-0688,Xenos Daine
Midel,47918-840,Levin Ziehm
Jabbersphere,51345-053,Alwin Stiddard
Eamia,55648-553,Hermon Verralls
JumpXS,53489-531,Meade Mulgrew
Flipopia,51457-001,Luise Beaufoy
Zoombeat,29860-205,Diarmid Simeoli
Eire,43353-840,Rhianon Howkins
Trupe,11716-7900,Murvyn Effemy
Midel,48951-8239,Fin Dumphry
Jabbercube,52125-007,Zarla Bevar
Eadel,52125-705,Filia Forsdyke
Flashset,42254-001,Elwira Maestro
Fliptune,49349-635,Magdaia Janauschek
Feedfish,62584-467,Hortense Luckin
Realfire,41163-517,Puff Casaroli
Edgeify,61165-2001,Cletus Coneron
Layo,68462-153,Gibb Castella
Tazzy,0268-1152,Harry Corbie
Tagpad,62034-014,Anthea Grishkov
Bubbletube,55154-2653,Jehanna Roobottom
Yotz,75940-122,Stephie Rickard
Divape,58118-1303,Kennett Muckian
Topiczoom,36987-3010,Noam Tapply
Yambee,66116-607,Tiffany Trangmar
Tavu,0603-3508,Jelene Matcham
Realbuzz,0942-6501,Mary Budibent
Podcat,55154-0832,Heddi Lewzey
Jayo,49557-572,Raoul Oguz
Dabtype,65044-2508,Naomi Yanne
Bubblebox,49349-675,Berty Speachley
Quinu,59779-274,Solomon Edmans
Leexo,0378-0353,Dianna Balsom
Yadel,76126-204,Gnni Attree
Meemm,63629-3776,Brynne Clinkard
Devcast,0187-0497,Cordie Eddowes
Katz,50353-101,Daron Mott
Skajo,0280-7190,Denis World
Fivechat,49738-825,Nikolaus Hebblewaite
Kwinu,55111-190,Marilee Awton
Feedfire,41167-0610,Bili Bruffell
Browseblab,49288-0622,Melodee Wellan
Jazzy,49288-0695,Eunice Grube
Zoovu,0472-1200,Fayre Colles
Youopia,35356-656,Stu Soldner
Feedfire,68770-130,Berkie Donnell
Wikibox,43419-510,Carling Lere
Skimia,58411-195,Mariya Wilne
Roodel,0187-5160,Constance Faucherand
Mydo,48951-4075,Philomena Conichie
Thoughtworks,66490-041,Dex Bucknall
Latz,59779-088,Marsha Siely
Meevee,50320-111,Darrelle Beddow
Zoombeat,67457-163,Ricki Siemandl
Youfeed,41167-0244,Vinita Propper
Reallinks,65044-6588,Leanora Ferras
Linktype,63323-012,Jenda Wellstood
Feedbug,57687-239,Franky Balam
Innotype,42627-220,Alexandros Crumpton
JumpXS,0378-1570,Heddi Doale
Skivee,63323-294,Hogan Trevains
Divanoodle,49288-0357,Dacey Scini
Feedfish,30142-123,Rosemarie Hardiker
Meembee,54569-0392,Renaldo Trevains
Dabtype,62756-311,Mahmoud Lynagh
Oozz,37000-771,Janeta Towl
Edgeblab,24488-024,Maximo Cereceres
Meezzy,52862-306,Netty Deek
Oozz,50436-3961,Norina Bescoby
Zooveo,55882-6013,Annie Markie
Skiba,58517-060,Flossie Parram
Lazzy,60681-1265,Margit Sills
Layo,43538-500,Karoly Bentinck
Kwilith,55714-2229,Darryl Boc
Zoovu,50474-930,Candice Everist
Twimbo,0074-7070,Dorine Baldin
Zazio,68703-077,Halli Zimmermeister
Quinu,16714-370,Nappie Tellesson
Skipfire,0409-1886,Jozef Deniscke
Centidel,53329-076,Nowell Dunsmuir
Eire,50111-990,Bernardo Chipman
Fatz,36987-1483,Timoteo Akid
Zoozzy,54868-1432,Cassius Bareford
Photofeed,49349-878,Carilyn Meany
Photospace,53807-151,Eadie Riedel
Reallinks,54569-0557,Farrel Beeton
Topiclounge,54868-5645,Dasya Campo
Feedfire,50577-0001,Ax Beddon
Edgetag,54868-1486,Tucky Comiam
Thoughtworks,0378-5215,Bartholemy Banke
Skiba,0409-2307,Sheppard Ciottoi
Centidel,55714-2298,Nerty Overlow
Eire,68987-010,Christine Avory
Skiptube,68828-177,Petra Gareisr
Quinu,42195-550,Malynda Tran
Snaptags,0615-1554,Irwinn Rockall
Rhybox,50844-548,Thibaut Newbury
Divavu,10191-1413,Chadwick Rown
InnoZ,40076-315,Ulrikaumeko Ducarne
Twiyo,49349-725,Abel Harbin
Skyble,64193-445,Janek Ehlerding
Vidoo,11673-413,Rozanna McGragh
Skyble,49288-0181,Shay Howood
Oozz,41190-056,Mariam Durram
Youopia,46994-852,Lydon Skoate
Youopia,35356-848,Grace Baglow
Rooxo,43063-046,Jacky Urpeth
Flashspan,60429-783,Nessa Cutmore
Twitterlist,68788-9096,Marianna Scarlett
Dabfeed,50980-078,Etienne Taffley
Jabberstorm,64725-0242,Vonni Dickin
Wikido,64661-011,Lynna Fortnon
Blogpad,0186-0520,Angelia Danielut
Jabbercube,68745-1053,Alejandro Padmore
Yozio,48102-014,Karly Langrick
Flipbug,10702-009,Perry Glasebrook
Jabbercube,21695-508,Obie Leggett
Eidel,0615-6587,Madeline Girodier
Oyoyo,63287-211,Melania Rowly
BlogXS,0069-3060,Pace Asson
Twinte,54575-109,Ricca Bond
Lajo,11673-803,Leila Willishire
Zava,0615-5532,Jimmy Di Francesco
Yotz,0186-6040,Joellyn Canning
Roomm,0615-0676,Jehanna Benns
Thoughtblab,54879-009,Felicle Dearness
Yakijo,46122-140,Catriona Kinchington
Topiczoom,57240-2034,Zolly Prynne
Gevee,36987-3139,Perice Henworth
Camido,51991-772,Cornela Cabrara
Edgewire,52686-299,Cairistiona Deacock
Livetube,42211-102,Sylvia Hidderley
Teklist,0115-8344,Alexandre Milmoe
Topiczoom,0338-1093,Moll Serrels
Zava,49035-227,Tedd Turfus
Yodel,37012-359,Martha Twinn
Livetube,52959-041,Trenton Kinleyside
Yodo,51220-5001,Will Carlozzi
Thoughtstorm,52183-239,Amalita Peddel
Voonte,42806-011,Eleonore Pallis
Kayveo,49348-820,Babs Endicott
Yakitri,49299-1093,Karia Clarycott
Plambee,11509-0302,Marven Bilbrook
Twimm,64058-118,Tabb Benting
Kwinu,55154-1607,Gillian Leafe
Youtags,68026-115,Lannie Merioth
Yozio,54575-324,Bethanne Janas
Yadel,69149-102,Sherman Sket
Babbleblab,51346-113,Christal Robertsson
Linktype,48951-9041,Isak Alyokhin
Avaveo,0942-6308,Tailor Currao
Youspan,68016-822,Odey Mead
Wordware,43269-862,Florenza VanBrugh
Trilith,68400-353,Gaby Reith
Einti,55154-6959,Erna Carlick
Yadel,50458-167,Stephanus Ellison
Shuffledrive,24453-199,Roanna Spragge
Miboo,52125-960,Phil Mockler
Realcube,98132-177,Martainn Bach
Trudoo,11673-616,Virgie Dinsell
JumpXS,55289-890,Marcela Bartelli
Twitterbeat,50436-7053,Gwenneth Vedstra
Wikivu,0699-7091,Angelica Hamal
Yotz,66336-224,Barret Lindman
Zooveo,54868-4984,Betti Parade
Dynabox,62750-042,Magdalena Lattimore
Mydo,0187-5600,Benni Whetnell
Aimbu,10424-146,Aryn Le Strange
Digitube,66472-027,Sanford Chown
Jabbertype,67015-1200,Cherlyn MattiCCI
Einti,65862-078,Grete Bourget
Avamm,35356-820,Aubrey Lintin
Meejo,49288-0573,Dud Gobat
Edgeclub,55714-4468,Uta Quilkin
Eimbee,49288-0293,Onfre Portman
Digitube,43742-0240,Cindie Tatham
Jatri,66336-429,Rudie Canty
Realbridge,59779-742,Zolly Death
Npath,61935-001,Lydie Guidini
Twimbo,49349-079,Stephana Janacek
Yacero,68472-111,Ethelin Blything
Avavee,11673-246,Claudianus Joska
Oba,51004-0550,Carling Mounsie
Youspan,58503-020,Neal Faulds
Flashdog,0832-0228,Sloan Kilfether
